일자,종가,대비,등락률,시가,고가,저가
"2022/05/16","20.27","0.58","2.95","19.94","20.88","19.94"
"2022/05/13","19.69","3.03","-13.34","21.11","21.25","19.69"
"2022/05/12","22.72","1.62","7.68","21.99","23.06","20.65"
"2022/05/11","21.10","1.01","-4.57","21.76","22.19","21.02"
"2022/05/10","22.11","0.72","3.37","23.05","24.09","21.85"
"2022/05/09","21.39","0.52","2.49","21.27","21.90","21.27"
"2022/05/06","20.87","1.26","6.43","21.21","21.23","20.40"
"2022/05/04","19.61","0.64","-3.16","19.62","19.98","19.43"
"2022/05/03","20.25","0.25","-1.22","20.27","20.40","19.47"
"2022/05/02","20.50","1.58","8.35","20.95","21.13","20.45"
"2022/04/29","18.92","1.53","-7.48","19.99","19.99","18.92"
"2022/04/28","20.45","1.53","-6.96","21.52","21.66","20.45"
"2022/04/27","21.98","2.04","10.23","22.87","22.87","21.69"
"2022/04/26","19.94","1.11","-5.27","20.12","20.16","19.53"
"2022/04/25","21.05","3.30","18.59","20.42","21.45","20.41"
"2022/04/22","17.75","0.98","5.84","18.21","18.28","17.66"
"2022/04/21","16.77","0.57","-3.29","16.79","16.99","16.54"
"2022/04/20","17.34","0.35","-1.98","17.79","17.86","17.30"
"2022/04/19","17.69","1.19","-6.30","17.91","17.93","17.62"
"2022/04/18","18.88","1.11","6.25","19.11","19.14","18.83"
"2022/04/15","17.77","0.64","3.74","18.18","18.34","17.69"
"2022/04/14","17.13","0.11","0.65","17.05","17.37","16.95"
"2022/04/13","17.02","1.45","-7.85","17.82","17.95","17.02"
"2022/04/12","18.47","0.90","5.12","18.02","18.91","17.99"
"2022/04/11","17.57","0.47","2.75","17.86","17.91","17.19"
"2022/04/08","17.10","0.68","-3.82","17.30","17.73","17.10"
"2022/04/07","17.78","0.99","5.90","17.29","18.33","17.27"
"2022/04/06","16.79","0.88","5.53","16.73","17.06","16.53"
"2022/04/05","15.91","0.58","-3.52","16.30","16.52","15.91"
"2022/04/04","16.49","0.58","-3.40","17.53","17.54","16.48"
"2022/04/01","17.07","0.07","-0.41","17.69","17.69","17.05"
"2022/03/31","17.14","0.74","-4.14","17.92","17.95","17.05"
"2022/03/30","17.88","0.87","-4.64","17.95","18.21","17.83"
"2022/03/29","18.75","0.85","-4.34","18.87","19.26","18.75"
"2022/03/28","19.60","0.02","-0.10","20.35","20.40","19.60"
"2022/03/25","19.62","0.11","-0.56","19.80","19.93","19.35"
"2022/03/24","19.73","0.12","0.61","20.08","20.41","19.58"
"2022/03/23","19.61","1.42","-6.75","19.64","20.15","19.50"
"2022/03/22","21.03","1.37","-6.12","22.08","22.08","20.93"
"2022/03/21","22.40","0.47","2.14","22.51","22.80","22.22"
"2022/03/18","21.93","0.62","-2.75","22.58","22.79","21.92"
"2022/03/17","22.55","1.19","-5.01","21.44","23.27","21.34"
"2022/03/16","23.74","2.03","-7.88","24.95","25.51","23.52"
"2022/03/15","25.77","1.07","4.33","25.15","26.38","24.92"
"2022/03/14","24.70","0.29","1.19","24.60","25.22","24.14"
"2022/03/11","24.41","1.30","-5.06","24.33","25.70","23.76"
"2022/03/10","25.71","3.24","-11.19","25.14","26.08","24.64"
"2022/03/08","28.95","1.11","3.99","29.27","29.30","27.92"
"2022/03/07","27.84","3.27","13.31","27.42","28.99","27.24"
"2022/03/04","24.57","1.84","8.10","23.63","25.70","23.58"
"2022/03/03","22.73","2.16","-8.68","23.27","23.37","22.65"
"2022/03/02","24.89","0.48","1.97","24.93","25.21","24.51"
"2022/02/28","24.41","0.57","2.39","25.34","25.64","24.38"
"2022/02/25","23.84","3.25","-12.00","25.19","25.22","23.83"
"2022/02/24","27.09","3.02","12.55","25.20","28.09","25.17"
"2022/02/23","24.07","1.27","-5.01","24.52","24.77","23.81"
"2022/02/22","25.34","1.55","6.52","25.53","26.39","24.85"
"2022/02/21","23.79","0.11","0.46","26.03","26.10","23.79"
"2022/02/18","23.68","0.40","1.72","24.56","25.27","23.56"
"2022/02/17","23.28","1.34","6.11","21.57","23.96","20.82"
"2022/02/16","21.94","2.68","-10.89","22.49","22.52","21.93"
"2022/02/15","24.62","0.78","3.27","23.99","25.26","23.46"
"2022/02/14","23.84","2.92","13.96","23.30","24.65","23.28"
"2022/02/11","20.92","1.71","8.90","20.61","21.05","19.95"
"2022/02/10","19.21","0.47","-2.39","18.95","19.43","18.75"
"2022/02/09","19.68","1.38","-6.55","19.89","20.08","19.59"
"2022/02/08","21.06","0.53","-2.45","20.64","21.76","20.43"
"2022/02/07","21.59","0.57","2.71","22.47","22.71","21.59"
"2022/02/04","21.02","1.90","-8.29","21.95","22.73","20.95"
"2022/02/03","22.92","1.05","-4.38","22.33","23.17","21.23"
"2022/01/28","23.97","3.97","-14.21","26.17","27.18","23.74"
"2022/01/27","27.94","3.11","12.53","24.62","28.73","24.43"
"2022/01/26","24.83","1.43","-5.45","25.31","25.84","24.44"
"2022/01/25","26.26","4.78","22.25","23.35","27.65","23.33"
"2022/01/24","21.48","2.12","10.95","20.77","22.19","20.77"
"2022/01/21","19.36","1.37","7.62","19.20","20.44","19.04"
"2022/01/20","17.99","0.77","-4.10","18.80","18.84","17.97"
"2022/01/19","18.76","0.60","3.30","18.80","19.04","18.24"
"2022/01/18","18.16","0.63","3.59","17.77","18.53","17.27"
"2022/01/17","17.53","0.56","3.30","17.77","18.23","17.52"
"2022/01/14","16.97","1.01","6.33","17.01","17.66","16.78"
"2022/01/13","15.96","0.05","0.31","15.55","15.96","15.35"
"2022/01/12","15.91","1.36","-7.87","16.21","16.32","15.78"
"2022/01/11","17.27","0.14","-0.80","16.78","17.61","16.75"
"2022/01/10","17.41","0.42","2.47","18.03","18.26","17.26"
"2022/01/07","16.99","0.53","-3.03","16.78","17.40","16.35"
"2022/01/06","17.52","0.94","5.67","17.07","17.58","16.70"
"2022/01/05","16.58","0.58","3.63","16.11","16.94","16.06"
"2022/01/04","16.00","0.57","-3.44","16.59","16.65","16.00"
"2022/01/03","16.57","0.07","0.42","16.63","16.90","16.38"
"2021/12/30","16.50","0.05","-0.30","16.53","16.66","16.33"
"2021/12/29","16.55","0.52","-3.05","16.95","16.98","16.48"
"2021/12/28","17.07","0.39","-2.23","17.76","17.78","16.94"
"2021/12/27","17.46","0.96","5.82","17.29","17.60","17.18"
"2021/12/24","16.50","0.43","-2.54","16.58","16.69","16.47"
"2021/12/23","16.93","0.49","-2.81","17.24","17.28","16.89"
"2021/12/22","17.42","0.90","-4.91","17.51","17.82","17.42"
"2021/12/21","18.32","1.20","-6.15","18.43","19.11","18.12"
"2021/12/20","19.52","2.50","14.69","18.39","19.55","18.22"
"2021/12/17","17.02","0.04","0.24","17.43","17.48","16.98"
"2021/12/16","16.98","1.45","-7.87","17.09","17.67","16.97"
"2021/12/15","18.43","0.03","0.16","18.80","18.98","18.28"
"2021/12/14","18.40","0.40","2.22","18.45","18.88","18.07"
"2021/12/13","18.00","0.61","3.51","17.19","18.10","16.92"
"2021/12/10","17.39","0.74","4.44","17.02","17.41","16.83"
"2021/12/09","16.65","1.04","-5.88","16.95","17.01","16.27"
"2021/12/08","17.69","0.79","-4.27","17.16","18.34","17.07"
"2021/12/07","18.48","2.43","-11.62","20.85","20.99","18.43"
"2021/12/06","20.91","0.82","4.08","21.49","21.69","20.44"
"2021/12/03","20.09","0.93","-4.42","21.51","21.52","20.01"
"2021/12/02","21.02","0.45","2.19","21.65","22.04","20.84"
"2021/12/01","20.57","2.66","-11.45","22.07","22.93","20.57"
"2021/11/30","23.23","2.31","11.04","18.93","24.98","18.76"
"2021/11/29","20.92","2.88","15.96","20.71","21.41","19.94"
"2021/11/26","18.04","1.88","11.63","16.38","18.25","16.38"
"2021/11/25","16.16","0.11","-0.68","16.45","16.49","16.16"
"2021/11/24","16.27","0.23","-1.39","16.34","16.70","16.19"
"2021/11/23","16.50","0.33","2.04","16.43","16.52","16.35"
"2021/11/22","16.17","0.08","-0.49","16.26","16.52","16.14"
"2021/11/19","16.25","0.49","-2.93","16.54","16.86","16.25"
"2021/11/18","16.74","0.23","1.39","16.72","17.09","16.54"
"2021/11/17","16.51","0.54","3.38","16.18","16.71","16.17"
"2021/11/16","15.97","0.07","0.44","16.20","16.31","15.92"
"2021/11/15","15.90","0.28","-1.73","16.12","16.14","15.90"
"2021/11/12","16.18","0.80","-4.71","16.47","16.54","16.15"
"2021/11/11","16.98","1.21","-6.65","18.31","18.43","16.98"
"2021/11/10","18.19","0.19","1.06","18.30","18.46","17.79"
"2021/11/09","18.00","0.24","-1.32","17.77","18.57","17.75"
"2021/11/08","18.24","0.22","1.22","19.12","19.38","18.12"
"2021/11/05","18.02","0.42","2.39","17.93","18.42","17.52"
"2021/11/04","17.60","0.76","-4.14","17.33","17.80","17.13"
"2021/11/03","18.36","1.08","6.25","17.69","18.55","17.40"
"2021/11/02","17.28","1.05","-5.73","17.60","17.64","16.82"
"2021/11/01","18.33","0.22","-1.19","18.46","18.46","17.92"
"2021/10/29","18.55","1.46","8.54","17.07","18.85","17.03"
"2021/10/28","17.09","0.21","1.24","17.01","17.09","16.58"
"2021/10/27","16.88","0.77","4.78","16.50","17.03","16.48"
"2021/10/26","16.11","0.92","-5.40","16.51","16.53","16.01"
"2021/10/25","17.03","0.17","-0.99","18.50","18.53","17.03"
"2021/10/22","17.20","0.48","-2.71","17.89","17.89","17.14"
"2021/10/21","17.68","0.05","-0.28","17.81","17.87","17.24"
"2021/10/20","17.73","0.49","2.84","17.11","17.76","16.89"
"2021/10/19","17.24","0.77","-4.28","17.41","17.76","17.17"
"2021/10/18","18.01","0.98","5.75","18.89","18.93","17.66"
"2021/10/15","17.03","1.18","-6.48","17.25","17.97","17.02"
"2021/10/14","18.21","2.33","-11.34","19.45","19.57","18.16"
"2021/10/13","20.54","1.86","-8.30","21.87","21.91","20.48"
"2021/10/12","22.40","1.93","9.43","22.11","22.63","21.61"
"2021/10/08","20.47","0.07","-0.34","20.17","20.61","19.81"
"2021/10/07","20.54","1.30","-5.95","21.12","21.44","20.53"
"2021/10/06","21.84","0.62","2.92","21.24","22.06","20.28"
"2021/10/05","21.22","2.31","12.22","20.71","22.98","20.56"
"2021/10/01","18.91","1.56","8.99","18.05","19.65","18.02"
"2021/09/30","17.35","0.52","-2.91","17.96","18.07","17.22"
"2021/09/29","17.87","1.42","8.63","17.79","19.34","17.46"
"2021/09/28","16.45","0.53","3.33","16.09","16.55","16.05"
"2021/09/27","15.92","0.41","-2.51","16.68","16.69","15.87"
"2021/09/24","16.33","0.39","-2.33","16.45","16.48","16.01"
"2021/09/23","16.72","1.24","8.01","16.95","17.22","16.54"
"2021/09/17","15.48","0.04","0.26","16.06","16.13","15.17"
"2021/09/16","15.44","0.78","5.32","15.08","15.82","14.96"
"2021/09/15","14.66","0.01","-0.07","14.85","15.12","14.61"
"2021/09/14","14.67","0.61","-3.99","14.69","14.81","14.46"
"2021/09/13","15.28","0.10","0.66","15.78","15.97","15.16"
"2021/09/10","15.18","0.84","-5.24","15.68","15.95","15.10"
"2021/09/09","16.02","1.29","8.76","14.87","16.45","14.59"
"2021/09/08","14.73","0.55","3.88","14.48","15.33","14.21"
"2021/09/07","14.18","0.06","-0.42","14.30","14.67","14.17"
"2021/09/06","14.24","0.38","-2.60","14.57","14.76","14.23"
"2021/09/03","14.62","0.63","-4.13","15.07","15.14","14.61"
"2021/09/02","15.25","0.29","1.94","15.21","15.86","15.18"
"2021/09/01","14.96","0.20","1.36","15.17","15.31","14.87"
"2021/08/31","14.76","1.12","-7.05","16.01","16.13","14.75"
"2021/08/30","15.88","0.29","-1.79","15.61","16.16","15.61"
"2021/08/27","16.17","0.02","0.12","16.67","17.07","16.10"
"2021/08/26","16.15","0.67","4.33","15.44","16.31","15.43"
"2021/08/25","15.48","0.14","-0.90","15.39","15.97","15.27"
"2021/08/24","15.62","1.67","-9.66","16.19","16.19","15.59"
"2021/08/23","17.29","1.63","-8.62","18.34","18.54","16.99"
"2021/08/20","18.92","1.10","6.17","17.86","20.08","17.34"
"2021/08/19","17.82","2.34","15.12","16.14","17.91","15.82"
"2021/08/18","15.48","0.86","-5.26","16.81","17.20","15.13"
"2021/08/17","16.34","0.89","5.76","15.80","16.90","15.53"
"2021/08/13","15.45","1.36","9.65","14.70","17.29","14.70"
"2021/08/12","14.09","1.03","-6.81","14.63","14.83","13.93"
"2021/08/11","15.12","0.60","4.13","14.71","15.26","14.38"
"2021/08/10","14.52","0.24","1.68","14.28","15.19","14.20"
"2021/08/09","14.28","0.10","0.71","14.87","14.95","14.14"
"2021/08/06","14.18","0.35","-2.41","14.68","14.71","14.18"
"2021/08/05","14.53","0.24","-1.62","14.96","14.96","14.39"
"2021/08/04","14.77","0.01","-0.07","14.54","15.09","14.02"
"2021/08/03","14.78","0.99","-6.28","15.52","15.57","14.78"
"2021/08/02","15.77","1.53","-8.84","16.95","16.96","15.77"
"2021/07/30","17.30","1.72","11.04","16.21","17.31","16.19"
"2021/07/29","15.58","0.53","-3.29","15.78","16.14","15.56"
"2021/07/28","16.11","0.36","2.29","16.21","16.97","15.86"
"2021/07/27","15.75","0.30","-1.87","15.46","15.88","15.25"
"2021/07/26","16.05","1.63","11.30","15.28","16.16","15.25"
"2021/07/23","14.42","0.18","-1.23","14.74","14.74","14.29"
"2021/07/22","14.60","1.52","-9.43","15.02","15.02","14.48"
"2021/07/21","16.12","0.44","2.81","15.14","16.16","15.04"
"2021/07/20","15.68","0.43","2.82","16.50","16.53","15.68"
"2021/07/19","15.25","2.02","15.27","15.07","15.75","14.96"
"2021/07/16","13.23","0.19","1.46","13.55","13.83","13.23"
"2021/07/15","13.04","0.07","0.54","13.02","13.36","12.87"
"2021/07/14","12.97","0.42","3.35","13.07","13.19","12.74"
"2021/07/13","12.55","1.07","-7.86","12.83","12.85","12.51"
"2021/07/12","13.62","1.50","-9.92","14.35","14.38","13.61"
"2021/07/09","15.12","0.93","6.55","14.99","17.07","14.96"
"2021/07/08","14.19","0.90","6.77","12.79","14.19","12.68"
"2021/07/07","13.29","0.58","4.56","13.09","13.76","13.08"
"2021/07/06","12.71","0.40","-3.05","12.80","12.89","12.65"
"2021/07/05","13.11","0.63","-4.59","13.54","13.54","12.96"
"2021/07/02","13.74","0.59","-4.12","14.19","14.19","13.63"
"2021/07/01","14.33","0.16","1.13","14.32","14.51","14.24"
"2021/06/30","14.17","0.35","-2.41","14.30","14.31","14.04"
"2021/06/29","14.52","0.28","-1.89","14.78","14.80","14.51"
"2021/06/28","14.80","0.02","-0.13","15.28","15.29","14.80"
"2021/06/25","14.82","0.02","-0.13","14.84","15.13","14.70"
"2021/06/24","14.84","0.09","0.61","14.74","14.96","14.66"
"2021/06/23","14.75","0.36","-2.38","14.86","15.02","14.72"
"2021/06/22","15.11","1.17","-7.19","15.38","15.40","15.02"
"2021/06/21","16.28","1.66","11.35","16.04","17.07","15.97"
"2021/06/18","14.62","0.36","-2.40","14.97","14.97","14.53"
"2021/06/17","14.98","0.28","1.90","15.21","15.38","14.90"
"2021/06/16","14.70","0.37","2.58","14.80","15.02","14.62"
"2021/06/15","14.33","0.13","-0.90","14.68","14.75","14.33"
"2021/06/14","14.46","0.05","-0.34","15.14","15.15","14.45"
"2021/06/11","14.51","0.93","-6.02","15.20","15.29","14.50"
"2021/06/10","15.44","1.14","-6.88","16.34","16.34","15.37"
"2021/06/09","16.58","0.34","2.09","16.27","16.60","15.85"
"2021/06/08","16.24","0.80","-4.69","16.73","16.75","16.14"
"2021/06/07","17.04","0.39","-2.24","17.56","17.61","16.98"
"2021/06/04","17.43","0.05","-0.29","17.85","17.91","17.26"
"2021/06/03","17.48","0.85","5.11","16.62","17.71","16.61"
"2021/06/02","16.63","0.15","0.91","16.73","16.76","16.52"
"2021/06/01","16.48","0.56","-3.29","16.84","16.84","16.44"
"2021/05/31","17.04","0.27","-1.56","17.81","17.81","17.04"
"2021/05/28","17.31","0.98","-5.36","17.90","17.90","17.00"
"2021/05/27","18.29","0.39","-2.09","18.45","19.02","18.04"
"2021/05/26","18.68","0.31","-1.63","19.03","19.03","18.47"
"2021/05/25","18.99","1.60","-7.77","20.06","20.18","18.99"
"2021/05/24","20.59","0.50","2.49","20.66","21.02","20.42"
"2021/05/21","20.09","0.97","5.07","18.70","21.68","18.63"
"2021/05/20","19.12","0.89","4.88","19.11","20.04","19.03"
"2021/05/18","18.23","1.06","-5.50","18.99","19.01","18.19"
"2021/05/17","19.29","0.03","-0.16","18.92","20.06","18.88"
"2021/05/14","19.32","2.58","-11.78","20.15","20.34","18.84"
"2021/05/13","21.90","0.27","-1.22","23.81","23.81","21.42"
"2021/05/12","22.17","2.17","10.85","20.09","24.74","19.84"
"2021/05/11","20.00","2.66","15.34","17.90","21.51","17.87"
"2021/05/10","17.34","0.91","5.54","16.83","17.34","16.26"
"2021/05/07","16.43","0.57","-3.35","16.95","16.95","16.40"
"2021/05/06","17.00","0.11","0.65","17.32","17.33","16.72"
"2021/05/04","16.89","1.20","-6.63","18.09","18.10","16.89"
"2021/05/03","18.09","0.75","-3.98","19.25","19.25","18.03"
"2021/04/30","18.84","0.08","-0.42","19.13","19.94","18.65"
"2021/04/29","18.92","0.00","0.00","18.21","19.13","18.05"
"2021/04/28","18.92","0.82","4.53","18.28","19.29","18.26"
"2021/04/27","18.10","0.26","-1.42","18.48","18.64","18.09"
"2021/04/26","18.36","0.03","0.16","18.70","18.71","18.26"
"2021/04/23","18.33","0.47","2.63","18.79","18.79","18.07"
"2021/04/22","17.86","1.09","-5.75","18.55","18.64","17.67"
"2021/04/21","18.95","0.99","5.51","18.39","19.46","18.28"
"2021/04/20","17.96","0.08","-0.44","18.38","18.39","17.89"
"2021/04/19","18.04","0.43","2.44","18.43","18.53","18.03"
"2021/04/16","17.61","0.01","0.06","17.85","18.37","17.60"
"2021/04/15","17.60","1.11","6.73","16.56","17.61","16.49"
"2021/04/14","16.49","0.62","-3.62","16.73","16.90","16.30"
"2021/04/13","17.11","0.57","3.45","16.50","17.11","16.27"
"2021/04/12","16.54","0.15","-0.90","17.38","17.39","16.54"
"2021/04/09","16.69","0.50","3.09","16.30","17.37","16.30"
"2021/04/08","16.19","1.26","-7.22","17.17","17.20","16.08"
"2021/04/07","17.45","0.89","-4.85","17.87","18.04","17.45"
"2021/04/06","18.34","0.63","-3.32","18.87","18.87","18.27"
"2021/04/05","18.97","0.54","-2.77","19.64","19.70","18.83"
"2021/04/02","19.51","0.37","-1.86","20.13","20.19","19.51"
"2021/04/01","19.88","0.56","-2.74","20.19","20.49","19.88"
"2021/03/31","20.44","0.20","-0.97","20.48","20.65","20.20"
"2021/03/30","20.64","0.37","-1.76","20.92","21.00","20.50"
"2021/03/29","21.01","0.65","3.19","21.31","21.36","20.41"
"2021/03/26","20.36","1.33","-6.13","21.29","21.31","20.36"
"2021/03/25","21.69","1.02","-4.49","22.92","22.94","21.58"
"2021/03/24","22.71","0.48","-2.07","23.76","23.80","22.71"
"2021/03/23","23.19","0.51","-2.15","22.92","23.42","22.77"
"2021/03/22","23.70","0.09","0.38","24.16","24.47","23.68"
"2021/03/19","23.61","0.92","4.05","23.85","24.18","23.31"
"2021/03/18","22.69","1.84","-7.50","23.71","23.71","22.69"
"2021/03/17","24.53","0.25","1.03","24.42","25.56","24.41"
"2021/03/16","24.28","1.62","-6.25","25.36","25.48","24.27"
"2021/03/15","25.90","0.26","1.01","26.34","26.34","25.61"
"2021/03/12","25.64","0.81","-3.06","26.22","26.32","25.48"
"2021/03/11","26.45","2.40","-8.32","27.61","27.78","26.45"
"2021/03/10","28.85","0.93","-3.12","28.48","29.66","28.35"
"2021/03/09","29.78","0.30","1.02","29.41","32.36","29.33"
"2021/03/08","29.48","0.39","1.34","29.52","29.65","27.73"
"2021/03/05","29.09","0.41","-1.39","30.91","31.43","29.05"
"2021/03/04","29.50","1.19","4.20","29.26","30.66","29.05"
"2021/03/03","28.31","2.66","-8.59","31.41","31.42","28.27"
"2021/03/02","30.97","0.37","-1.18","30.35","31.91","29.71"
"2021/02/26","31.34","3.42","12.25","30.30","32.99","30.30"
"2021/02/25","27.92","1.01","-3.49","27.82","28.14","27.25"
"2021/02/24","28.93","1.77","6.52","27.67","29.23","26.94"
"2021/02/23","27.16","0.48","-1.74","28.07","29.22","26.98"
"2021/02/22","27.64","0.78","2.90","27.36","28.01","26.76"
"2021/02/19","26.86","0.76","2.91","26.46","29.15","26.29"
"2021/02/18","26.10","0.52","2.03","25.85","26.41","25.21"
"2021/02/17","25.58","0.50","1.99","25.62","26.72","25.52"
"2021/02/16","25.08","1.14","-4.35","26.35","26.47","25.08"
"2021/02/15","26.22","0.21","-0.79","27.26","27.29","26.01"
"2021/02/10","26.43","1.22","4.84","25.16","27.04","24.51"
"2021/02/09","25.21","2.12","-7.76","26.88","26.88","24.75"
"2021/02/08","27.33","1.32","-4.61","29.73","29.73","27.02"
"2021/02/05","28.65","3.41","-10.64","31.38","31.96","28.55"
"2021/02/04","32.06","0.77","2.46","31.83","33.25","31.77"
"2021/02/03","31.29","2.11","-6.32","33.15","33.16","31.24"
"2021/02/02","33.40","0.76","-2.22","33.40","34.96","33.32"
"2021/02/01","34.16","1.57","-4.39","37.44","37.50","34.13"
"2021/01/29","35.73","2.64","7.98","32.59","37.04","32.19"
"2021/01/28","33.09","3.68","12.51","31.72","33.86","31.69"
"2021/01/27","29.41","0.58","-1.93","29.70","30.42","29.39"
"2021/01/26","29.99","1.02","3.52","29.22","30.81","28.96"
"2021/01/25","28.97","0.39","-1.33","29.46","29.52","28.79"
"2021/01/22","29.36","1.27","-4.15","30.32","30.32","28.63"
"2021/01/21","30.63","2.69","-8.07","32.53","32.53","30.35"
"2021/01/20","33.32","0.76","-2.23","33.66","34.93","33.20"
"2021/01/19","34.08","0.90","2.71","33.10","35.48","31.62"
"2021/01/18","33.18","1.62","5.13","32.62","33.65","32.20"
"2021/01/15","31.56","1.88","6.33","29.17","31.73","28.14"
"2021/01/14","29.68","2.32","-7.25","31.79","32.03","29.44"
"2021/01/13","32.00","2.95","-8.44","34.51","34.61","31.97"
"2021/01/12","34.95","0.70","-1.96","35.99","36.57","33.81"
"2021/01/11","35.65","6.47","22.17","29.63","36.58","29.45"
"2021/01/08","29.18","2.43","9.08","26.75","29.32","26.54"
"2021/01/07","26.75","0.85","-3.08","27.41","27.41","26.05"
"2021/01/06","27.60","1.38","5.26","27.01","28.28","26.77"
"2021/01/05","26.22","1.41","5.68","25.54","26.75","25.54"
"2021/01/04","24.81","2.72","12.31","24.08","25.05","24.01"
"2020/12/30","22.09","0.46","2.13","21.83","22.43","21.63"
"2020/12/29","21.63","1.51","-6.53","22.95","23.26","21.62"
"2020/12/28","23.14","1.61","7.48","22.88","23.21","22.76"
"2020/12/24","21.53","0.01","0.05","21.12","22.12","20.68"
"2020/12/23","21.52","1.33","-5.82","22.13","22.84","21.52"
"2020/12/22","22.85","2.31","11.25","21.18","23.00","21.10"
"2020/12/21","20.54","0.97","4.96","20.56","21.13","20.39"
"2020/12/18","19.57","0.28","-1.41","19.78","19.87","19.53"
"2020/12/17","19.85","0.55","-2.70","20.36","20.40","19.75"
"2020/12/16","20.40","0.87","-4.09","20.93","20.93","20.35"
"2020/12/15","21.27","0.02","0.09","21.74","22.08","21.00"
"2020/12/14","21.25","1.40","7.05","20.89","21.29","20.80"
"2020/12/11","19.85","0.18","-0.90","19.67","19.97","19.48"
"2020/12/10","20.03","0.12","-0.60","20.72","20.87","19.92"
"2020/12/09","20.15","0.55","-2.66","20.63","20.63","20.07"
"2020/12/08","20.70","0.60","-2.82","21.31","21.35","20.60"
"2020/12/07","21.30","0.29","1.38","21.69","21.72","21.11"
"2020/12/04","21.01","0.99","4.95","20.27","21.31","20.19"
"2020/12/03","20.02","0.16","-0.79","20.17","20.20","19.86"
"2020/12/02","20.18","0.03","-0.15","20.54","20.57","20.13"
"2020/12/01","20.21","0.56","-2.70","20.55","20.71","20.10"
"2020/11/30","20.77","1.11","5.65","20.35","20.85","20.34"
"2020/11/27","19.66","0.34","-1.70","20.15","20.19","19.66"
"2020/11/26","20.00","0.82","-3.94","20.76","20.77","19.87"
"2020/11/25","20.82","1.01","5.10","19.90","21.13","19.88"
"2020/11/24","19.81","0.02","0.10","19.54","19.81","19.26"
"2020/11/23","19.79","0.58","3.02","19.54","20.03","19.35"
"2020/11/20","19.21","0.20","-1.03","19.61","19.66","19.09"
"2020/11/19","19.41","0.22","-1.12","19.93","20.00","19.38"
"2020/11/18","19.63","0.09","-0.46","19.64","19.75","19.24"
"2020/11/17","19.72","0.78","-3.80","20.43","20.43","19.47"
"2020/11/16","20.50","0.73","3.69","20.48","20.91","20.42"
"2020/11/13","19.77","0.08","-0.40","20.32","20.50","19.76"
"2020/11/12","19.85","0.83","-4.01","20.47","20.52","19.84"
"2020/11/11","20.68","0.34","-1.62","20.51","20.90","20.45"
"2020/11/10","21.02","0.56","-2.59","21.65","21.98","21.00"
"2020/11/09","21.58","0.16","-0.74","21.58","21.74","21.10"
"2020/11/06","21.74","0.42","-1.90","21.62","22.01","21.56"
"2020/11/05","22.16","2.59","-10.46","23.09","23.09","22.03"
"2020/11/04","24.75","1.79","-6.74","25.43","26.46","24.38"
"2020/11/03","26.54","2.11","-7.36","27.74","27.74","26.27"
"2020/11/02","28.65","3.32","-10.38","31.83","31.83","28.54"
"2020/10/30","31.97","6.07","23.44","26.99","32.30","26.94"
"2020/10/29","25.90","2.61","11.21","25.39","27.10","25.28"
"2020/10/28","23.29","0.29","-1.23","23.98","24.31","23.22"
"2020/10/27","23.58","0.64","2.79","23.83","23.84","23.25"
"2020/10/26","22.94","1.04","4.75","22.72","22.96","22.50"
"2020/10/23","21.90","0.64","-2.84","22.52","22.96","21.88"
"2020/10/22","22.54","0.66","3.02","22.88","23.23","22.52"
"2020/10/21","21.88","0.30","-1.35","22.33","22.62","21.88"
"2020/10/20","22.18","0.33","-1.47","22.79","23.47","22.18"
"2020/10/19","22.51","0.48","2.18","22.31","22.55","21.89"
"2020/10/16","22.03","0.56","2.61","21.21","22.76","21.20"
"2020/10/15","21.47","0.50","2.38","21.25","22.00","21.17"
"2020/10/14","20.97","0.63","3.10","20.50","21.33","20.43"
"2020/10/13","20.34","0.02","-0.10","20.07","21.24","20.07"
"2020/10/12","20.36","0.64","-3.05","21.32","21.34","20.36"
"2020/10/08","21.00","0.55","-2.55","20.99","21.91","20.99"
"2020/10/07","21.55","0.74","-3.32","22.81","22.87","21.55"
"2020/10/06","22.29","1.58","-6.62","23.10","23.12","22.18"
"2020/10/05","23.87","0.28","-1.16","25.32","25.49","23.81"
"2020/09/29","24.15","0.86","-3.44","24.73","24.75","24.11"
"2020/09/28","25.01","1.12","-4.29","26.32","26.38","25.01"
"2020/09/25","26.13","1.08","-3.97","26.46","27.15","26.13"
"2020/09/24","27.21","2.57","10.43","26.33","27.56","26.33"
"2020/09/23","24.64","0.56","-2.22","24.61","26.55","24.57"
"2020/09/22","25.20","1.89","8.11","23.62","25.60","23.59"
"2020/09/21","23.31","1.72","7.97","22.68","23.52","22.22"
"2020/09/18","21.59","0.72","-3.23","21.83","22.51","21.59"
"2020/09/17","22.31","1.26","5.99","21.31","22.31","21.30"
"2020/09/16","21.05","0.08","0.38","21.21","21.27","20.73"
"2020/09/15","20.97","0.31","-1.46","21.31","21.56","20.90"
"2020/09/14","21.28","0.40","-1.85","21.61","21.77","21.20"
"2020/09/11","21.68","0.46","-2.08","22.62","22.82","21.55"
"2020/09/10","22.14","2.59","-10.47","23.27","23.27","22.01"
"2020/09/09","24.73","0.86","3.60","25.84","26.03","24.21"
"2020/09/08","23.87","1.98","-7.66","25.01","25.29","23.87"
"2020/09/07","25.85","1.98","-7.11","27.83","27.93","25.85"
"2020/09/04","27.83","2.53","10.00","28.26","28.54","27.22"
"2020/09/03","25.30","0.96","-3.66","25.73","25.73","25.05"
"2020/09/02","26.26","1.33","-4.82","27.12","27.20","26.23"
"2020/09/01","27.59","0.18","-0.65","27.21","28.08","27.17"
"2020/08/31","27.77","1.37","5.19","26.07","27.81","26.07"
"2020/08/28","26.40","0.82","-3.01","26.95","26.98","25.89"
"2020/08/27","27.22","1.78","7.00","26.10","27.23","25.87"
"2020/08/26","25.44","0.81","3.29","24.76","25.98","24.74"
"2020/08/25","24.63","1.81","-6.85","26.39","26.39","24.55"
"2020/08/24","26.44","0.45","-1.67","28.19","28.23","26.44"
"2020/08/21","26.89","1.29","-4.58","26.15","27.35","25.74"
"2020/08/20","28.18","3.80","15.59","24.96","28.22","24.66"
"2020/08/19","24.38","0.83","-3.29","24.16","24.69","23.93"
"2020/08/18","25.21","2.63","11.65","23.22","25.68","23.00"
"2020/08/14","22.58","0.46","2.08","22.14","23.51","22.10"
"2020/08/13","22.12","0.74","-3.24","22.61","22.66","21.96"
"2020/08/12","22.86","0.12","-0.52","23.14","23.63","22.82"
"2020/08/11","22.98","0.04","0.17","22.75","23.08","22.58"
"2020/08/10","22.94","0.87","3.94","22.77","22.98","22.54"
"2020/08/07","22.07","0.01","0.05","22.02","22.57","21.87"
"2020/08/06","22.06","0.48","2.22","21.74","22.42","21.66"
"2020/08/05","21.58","0.84","-3.75","22.17","22.19","21.57"
"2020/08/04","22.42","1.10","-4.68","22.99","23.28","22.40"
"2020/08/03","23.52","0.05","-0.21","24.26","24.27","23.48"
"2020/07/31","23.57","0.66","2.88","23.34","23.70","22.94"
"2020/07/30","22.91","0.42","-1.80","23.27","23.27","22.72"
"2020/07/29","23.33","0.41","1.79","23.21","23.63","23.19"
"2020/07/28","22.92","0.04","-0.17","22.66","23.03","22.39"
"2020/07/27","22.96","0.46","2.04","22.83","23.15","22.75"
"2020/07/24","22.50","1.50","7.14","21.43","22.61","21.36"
"2020/07/23","21.00","0.18","0.86","21.23","21.73","20.77"
"2020/07/22","20.82","0.27","-1.28","21.09","21.14","20.74"
"2020/07/21","21.09","1.28","-5.72","21.58","21.61","21.06"
"2020/07/20","22.37","0.03","0.13","22.98","23.14","22.30"
"2020/07/17","22.34","1.14","-4.86","22.90","23.12","22.30"
"2020/07/16","23.48","0.15","-0.63","23.64","23.85","23.14"
"2020/07/15","23.63","0.82","-3.35","23.35","24.05","23.35"
"2020/07/14","24.45","0.82","3.47","24.44","25.18","24.30"
"2020/07/13","23.63","1.20","-4.83","24.20","24.25","23.40"
"2020/07/10","24.83","1.45","6.20","24.56","24.96","23.73"
"2020/07/09","23.38","1.66","-6.63","24.22","24.29","23.19"
"2020/07/08","25.04","0.19","0.76","24.77","25.10","24.33"
"2020/07/07","24.85","0.83","3.46","23.62","25.07","23.62"
"2020/07/06","24.02","0.76","-3.07","24.64","24.65","23.71"
"2020/07/03","24.78","2.67","-9.73","27.04","27.05","24.69"
"2020/07/02","27.45","2.45","-8.19","29.04","29.08","27.45"
"2020/07/01","29.90","1.17","-3.77","29.96","30.07","28.97"
"2020/06/30","31.07","2.51","-7.47","31.54","31.55","30.14"
"2020/06/29","33.58","3.02","9.88","32.76","33.78","32.06"
"2020/06/26","30.56","2.56","-7.73","32.14","32.14","30.06"
"2020/06/25","33.12","2.92","9.67","31.86","33.20","31.65"
"2020/06/24","30.20","1.53","-4.82","31.35","31.35","30.03"
"2020/06/23","31.73","2.30","-6.76","31.80","34.52","31.10"
"2020/06/22","34.03","0.01","-0.03","35.39","35.52","32.79"
"2020/06/19","34.04","3.26","-8.74","38.01","38.40","33.53"
"2020/06/18","37.30","0.25","0.67","37.94","38.44","37.27"
"2020/06/17","37.05","1.15","3.20","36.17","38.60","36.17"
"2020/06/16","35.90","3.79","-9.55","35.80","35.90","34.69"
"2020/06/15","39.69","6.81","20.71","33.92","39.84","32.91"
"2020/06/12","32.88","6.09","22.73","33.20","34.44","31.16"
"2020/06/11","26.79","0.73","2.80","26.08","27.67","25.45"
"2020/06/10","26.06","0.47","-1.77","26.41","26.55","25.93"
"2020/06/09","26.53","0.87","-3.18","26.75","27.60","26.08"
"2020/06/08","27.40","1.95","7.66","26.27","27.66","26.21"
"2020/06/05","25.45","0.24","-0.93","25.73","25.83","25.01"
"2020/06/04","25.69","0.05","-0.19","26.36","27.04","25.58"
"2020/06/03","25.74","0.74","2.96","24.80","26.44","24.79"
"2020/06/02","25.00","0.06","0.24","25.44","25.62","24.96"
"2020/06/01","24.94","0.70","-2.73","26.28","26.37","24.84"
"2020/05/29","25.64","0.40","1.58","26.45","26.99","25.59"
"2020/05/28","25.24","0.77","3.15","23.95","26.11","23.88"
"2020/05/27","24.47","0.67","2.82","24.53","24.69","23.95"
"2020/05/26","23.80","1.47","-5.82","25.14","25.29","23.70"
"2020/05/25","25.27","2.47","-8.90","27.38","27.90","25.27"
"2020/05/22","27.74","4.17","17.69","24.07","28.09","23.95"
"2020/05/21","23.57","1.28","-5.15","24.13","24.19","23.48"
"2020/05/20","24.85","0.15","-0.60","25.33","25.43","24.70"
"2020/05/19","25.00","2.04","-7.54","25.50","25.64","24.92"
"2020/05/18","27.04","0.08","0.30","28.37","28.54","26.90"
"2020/05/15","26.96","0.17","0.63","26.38","27.83","26.35"
"2020/05/14","26.79","1.04","4.04","27.74","27.87","26.77"
"2020/05/13","25.75","2.04","-7.34","29.40","29.40","25.70"
"2020/05/12","27.79","1.54","-5.25","29.67","30.73","27.15"
"2020/05/11","29.33","0.56","1.95","28.18","29.60","27.65"
"2020/05/08","28.77","2.54","-8.11","29.77","29.77","28.47"
"2020/05/07","31.31","0.50","-1.57","32.57","32.67","30.55"
"2020/05/06","31.81","4.55","-12.51","34.26","35.13","31.81"
"2020/05/04","36.36","5.85","19.17","35.84","36.48","34.98"
"2020/04/29","30.51","2.13","-6.53","32.96","32.99","30.45"
"2020/04/28","32.64","2.51","-7.14","34.56","34.94","32.63"
"2020/04/27","35.15","2.39","-6.37","37.01","37.02","35.00"
"2020/04/24","37.54","3.08","8.94","35.93","37.77","35.83"
"2020/04/23","34.46","2.09","-5.72","35.91","36.39","34.45"
"2020/04/22","36.55","0.02","0.05","39.15","39.80","36.12"
"2020/04/21","36.53","3.24","9.73","34.70","41.74","34.25"
"2020/04/20","33.29","1.85","5.88","33.21","33.47","32.43"
"2020/04/17","31.44","3.38","-9.71","31.95","31.95","30.83"
"2020/04/16","34.82","1.22","-3.39","37.35","38.18","34.82"
"2020/04/14","36.04","3.65","-9.20","38.29","38.36","35.96"
"2020/04/13","39.69","3.85","10.74","38.24","39.92","38.02"
"2020/04/10","35.84","0.29","0.82","37.03","37.03","35.41"
"2020/04/09","35.55","4.50","-11.24","38.53","39.87","35.55"
"2020/04/08","40.05","3.91","10.82","37.46","40.11","37.24"
"2020/04/07","36.14","2.12","-5.54","36.33","38.41","35.89"
"2020/04/06","38.26","7.08","-15.62","44.15","44.15","37.97"
"2020/04/03","45.34","1.90","-4.02","46.32","46.80","45.00"
"2020/04/02","47.24","2.76","-5.52","50.15","50.65","47.24"
"2020/04/01","50.00","1.45","2.99","47.52","50.10","42.80"
"2020/03/31","48.55","6.28","-11.45","52.83","52.90","48.34"
"2020/03/30","54.83","0.21","0.38","55.88","57.11","53.79"
"2020/03/27","54.62","1.86","3.53","50.97","56.07","50.56"
"2020/03/26","52.76","3.44","6.97","50.79","53.01","50.05"
"2020/03/25","49.32","4.46","-8.29","53.38","53.38","49.28"
"2020/03/24","53.78","8.72","-13.95","62.09","62.13","53.39"
"2020/03/23","62.50","1.77","2.91","66.07","68.37","62.08"
"2020/03/20","60.73","8.51","-12.29","71.29","71.29","60.29"
"2020/03/19","69.24","6.44","10.25","62.70","71.75","60.80"
"2020/03/18","62.80","1.69","-2.62","62.22","62.80","57.58"
"2020/03/17","64.49","0.07","-0.11","67.88","70.51","61.79"
"2020/03/16","64.56","10.70","19.87","57.76","64.68","55.33"
"2020/03/13","53.86","10.79","25.05","51.07","60.71","48.86"
"2020/03/12","43.07","5.47","14.55","38.45","47.71","38.23"
"2020/03/11","37.60","2.80","8.05","34.51","38.27","34.47"
"2020/03/10","34.80","1.41","-3.89","36.82","37.15","34.48"
"2020/03/09","36.21","8.74","31.82","33.05","36.91","32.75"
"2020/03/06","27.47","3.81","16.10","26.43","28.00","26.13"
"2020/03/05","23.66","3.10","-11.58","25.73","25.73","23.42"
"2020/03/04","26.76","2.73","-9.26","29.23","29.24","26.60"
"2020/03/03","29.49","3.17","-9.71","28.89","29.92","27.84"
"2020/03/02","32.66","1.15","-3.40","35.08","36.76","31.89"
"2020/02/28","33.81","6.97","25.97","32.10","34.13","30.62"
"2020/02/27","26.84","1.74","6.93","25.48","27.62","25.24"
"2020/02/26","25.10","2.38","10.48","25.15","25.33","24.36"
"2020/02/25","22.72","0.93","-3.93","23.73","24.32","22.64"
"2020/02/24","23.65","3.85","19.44","22.81","23.74","22.67"
"2020/02/21","19.80","1.56","8.55","19.35","19.80","19.15"
"2020/02/20","18.24","0.05","0.27","18.07","19.17","17.72"
"2020/02/19","18.19","0.06","-0.33","17.99","18.64","17.90"
"2020/02/18","18.25","1.09","6.35","17.64","18.30","17.56"
"2020/02/17","17.16","0.31","1.84","17.60","17.67","16.99"
"2020/02/14","16.85","0.17","1.02","16.92","17.13","16.76"
"2020/02/13","16.68","0.27","-1.59","16.65","17.09","16.27"
"2020/02/12","16.95","1.21","-6.66","18.19","18.27","16.78"
"2020/02/11","18.16","0.06","-0.33","17.61","18.64","17.39"
"2020/02/10","18.22","0.69","3.94","18.89","19.01","18.16"
"2020/02/07","17.53","0.28","-1.57","17.70","18.20","17.53"
"2020/02/06","17.81","0.42","-2.30","17.58","17.97","17.25"
"2020/02/05","18.23","0.16","-0.87","18.01","18.55","17.77"
"2020/02/04","18.39","0.93","-4.81","18.75","18.84","18.10"
"2020/02/03","19.32","0.03","0.16","21.61","21.72","19.17"
"2020/01/31","19.29","0.91","4.95","17.97","19.56","17.56"
"2020/01/30","18.38","1.39","8.18","17.18","18.49","16.89"
"2020/01/29","16.99","1.33","-7.26","17.90","18.32","16.48"
"2020/01/28","18.32","3.02","19.74","17.48","19.05","17.41"
"2020/01/23","15.30","1.01","7.07","14.88","15.47","14.87"
"2020/01/22","14.29","0.12","-0.83","14.43","14.46","14.20"
"2020/01/21","14.41","0.77","5.65","13.84","14.41","13.81"
"2020/01/20","13.64","0.04","0.29","13.93","14.04","13.62"
"2020/01/17","13.60","0.02","0.15","13.60","13.83","13.50"
"2020/01/16","13.58","0.21","1.57","13.44","13.71","13.25"
"2020/01/15","13.37","0.04","-0.30","13.65","13.69","13.30"
"2020/01/14","13.41","0.15","1.13","13.30","13.48","13.09"
"2020/01/13","13.26","0.45","3.51","13.23","13.31","12.95"
"2020/01/10","12.81","0.77","-5.67","13.46","13.46","12.81"
"2020/01/09","13.58","2.39","-14.97","14.62","14.78","13.58"
"2020/01/08","15.97","0.89","5.90","16.30","17.07","15.57"
"2020/01/07","15.08","0.80","-5.04","15.44","15.45","14.92"
"2020/01/06","15.88","0.00","0.00","16.54","16.54","15.84"
"2020/01/03","15.88","0.48","3.12","15.34","16.18","15.17"
"2020/01/02","15.40","0.71","4.83","15.33","15.64","15.12"
"2019/12/30","14.69","0.56","3.96","14.86","15.00","14.69"
"2019/12/27","14.13","0.02","-0.14","14.36","14.72","14.13"
"2019/12/26","14.15","0.34","2.46","14.11","14.20","14.03"
"2019/12/24","13.81","0.16","-1.15","14.16","14.23","13.81"
"2019/12/23","13.97","0.89","6.80","13.57","14.05","13.57"
"2019/12/20","13.08","0.12","-0.91","13.21","13.48","13.05"
"2019/12/19","13.20","0.19","1.46","13.20","13.21","12.93"
"2019/12/18","13.01","0.04","-0.31","13.14","13.28","12.96"
"2019/12/17","13.05","0.22","-1.66","13.07","13.17","12.82"
"2019/12/16","13.27","0.15","1.14","13.49","13.55","13.22"
"2019/12/13","13.12","0.27","-2.02","13.65","13.69","12.91"
"2019/12/12","13.39","0.01","-0.07","13.32","13.71","13.28"
"2019/12/11","13.40","0.07","0.53","13.42","13.54","13.12"
"2019/12/10","13.33","0.28","-2.06","13.73","13.75","13.33"
"2019/12/09","13.61","0.30","-2.16","14.03","14.11","13.50"
"2019/12/06","13.91","0.64","-4.40","14.34","14.36","13.81"
"2019/12/05","14.55","0.18","1.25","14.05","14.95","13.98"
"2019/12/04","14.37","0.11","0.77","14.64","14.83","14.34"
"2019/12/03","14.26","0.30","2.15","14.68","14.74","14.10"
"2019/12/02","13.96","0.00","0.00","14.03","14.14","13.81"
"2019/11/29","13.96","0.19","1.38","13.94","14.36","13.79"
"2019/11/28","13.77","0.08","-0.58","14.09","14.19","13.77"
"2019/11/27","13.85","0.36","-2.53","14.33","14.44","13.75"
"2019/11/26","14.21","0.30","2.16","13.97","14.28","13.45"
"2019/11/25","13.91","0.03","0.22","14.05","14.09","13.75"
"2019/11/22","13.88","0.64","-4.41","14.49","14.58","13.81"
"2019/11/21","14.52","0.41","2.91","14.39","15.38","14.39"
"2019/11/20","14.11","0.59","4.36","13.85","14.18","13.74"
"2019/11/19","13.52","0.18","1.35","13.50","13.81","13.46"
"2019/11/18","13.34","0.23","1.75","13.78","13.78","13.34"
"2019/11/15","13.11","0.31","-2.31","13.27","13.39","13.11"
"2019/11/14","13.42","0.43","-3.10","13.66","13.66","13.28"
"2019/11/13","13.85","0.20","1.47","13.75","14.00","13.69"
"2019/11/12","13.65","0.56","-3.94","14.05","14.14","13.59"
"2019/11/11","14.21","0.42","3.05","14.18","14.21","13.88"
"2019/11/08","13.79","0.01","0.07","13.63","13.85","13.52"
"2019/11/07","13.78","0.11","-0.79","13.86","13.88","13.45"
"2019/11/06","13.89","0.47","3.50","13.49","13.92","13.46"
"2019/11/05","13.42","0.10","0.75","13.50","13.54","13.15"
"2019/11/04","13.32","0.10","0.76","13.48","13.48","13.28"
"2019/11/01","13.22","0.37","-2.72","13.72","13.73","13.22"
"2019/10/31","13.59","0.26","-1.88","13.50","13.70","13.26"
"2019/10/30","13.85","0.37","2.74","13.93","13.98","13.66"
"2019/10/29","13.48","0.16","-1.17","13.56","13.70","13.42"
"2019/10/28","13.64","0.22","1.64","13.61","13.82","13.54"
"2019/10/25","13.42","0.22","1.67","13.44","13.54","13.29"
"2019/10/24","13.20","0.02","-0.15","13.33","13.68","13.13"
"2019/10/23","13.22","0.13","0.99","13.41","13.57","13.22"
"2019/10/22","13.09","0.75","-5.42","13.67","13.68","13.01"
"2019/10/21","13.84","0.01","-0.07","14.24","14.31","13.84"
"2019/10/18","13.85","0.51","3.82","13.33","13.98","13.26"
"2019/10/17","13.34","0.07","0.53","13.45","13.51","13.28"
"2019/10/16","13.27","0.53","-3.84","13.32","13.65","13.17"
"2019/10/15","13.80","0.50","-3.50","14.29","14.31","13.78"
"2019/10/14","14.30","0.54","-3.64","14.32","14.43","14.21"
"2019/10/11","14.84","0.79","-5.05","15.05","15.06","14.55"
"2019/10/10","15.63","0.26","1.69","16.01","16.78","15.60"
"2019/10/08","15.37","0.88","-5.42","16.28","16.30","15.27"
"2019/10/07","16.25","0.06","-0.37","16.27","16.63","16.06"
"2019/10/04","16.31","0.45","2.84","16.02","16.34","15.46"
"2019/10/02","15.86","0.97","6.51","15.83","16.20","15.73"
"2019/10/01","14.89","0.26","-1.72","15.28","15.31","14.88"
"2019/09/30","15.15","0.30","2.02","15.57","15.58","15.04"
"2019/09/27","14.85","0.21","-1.39","15.25","15.35","14.77"
"2019/09/26","15.06","0.56","-3.59","15.52","15.61","14.94"
"2019/09/25","15.62","0.93","6.33","15.09","15.63","15.07"
"2019/09/24","14.69","0.01","-0.07","14.74","14.90","14.62"
"2019/09/23","14.70","0.62","4.40","14.76","14.80","14.62"
"2019/09/20","14.08","0.18","-1.26","14.48","14.49","14.07"
"2019/09/19","14.26","0.50","-3.39","14.72","14.72","14.17"
"2019/09/18","14.76","0.13","0.89","14.95","15.06","14.73"
"2019/09/17","14.63","0.22","1.53","14.60","14.70","14.55"
"2019/09/16","14.41","0.91","6.74","14.75","14.79","14.40"
"2019/09/11","13.50","0.07","0.52","13.33","14.03","13.33"
"2019/09/10","13.43","0.94","-6.54","14.19","14.22","13.43"
"2019/09/09","14.37","0.17","-1.17","14.44","14.52","14.05"
"2019/09/06","14.54","0.53","-3.52","14.69","14.74","14.23"
"2019/09/05","15.07","0.90","-5.64","15.69","15.86","15.07"
"2019/09/04","15.97","0.56","-3.39","16.42","16.43","15.83"
"2019/09/03","16.53","0.38","2.35","16.29","16.57","16.25"
"2019/09/02","16.15","0.40","2.54","16.36","16.36","15.92"
"2019/08/30","15.75","1.06","-6.31","15.63","15.92","15.63"
"2019/08/29","16.81","0.35","2.13","16.54","16.96","16.39"
"2019/08/28","16.46","0.20","-1.20","16.53","16.72","16.34"
"2019/08/27","16.66","0.67","-3.87","16.59","16.79","16.28"
"2019/08/26","17.33","1.78","11.45","17.43","17.83","17.06"
"2019/08/23","15.55","0.32","2.10","15.54","15.66","15.45"
"2019/08/22","15.23","0.05","0.33","15.05","15.37","14.98"
"2019/08/21","15.18","0.19","1.27","15.19","15.25","15.01"
"2019/08/20","14.99","1.42","-8.65","16.29","16.32","14.84"
"2019/08/19","16.41","0.65","-3.81","16.93","17.04","16.34"
"2019/08/16","17.06","0.97","6.03","17.76","17.97","17.04"
"2019/08/14","16.09","1.16","-6.72","15.80","16.21","15.72"
"2019/08/13","17.25","1.91","12.45","16.47","17.25","16.03"
"2019/08/12","15.34","0.57","-3.58","16.38","16.47","15.34"
"2019/08/09","15.91","0.56","-3.40","15.66","16.04","15.64"
"2019/08/08","16.47","2.77","-14.40","18.61","18.84","16.47"
"2019/08/07","19.24","1.38","-6.69","19.86","20.40","19.09"
"2019/08/06","20.62","1.54","8.07","22.65","23.82","18.65"
"2019/08/05","19.08","3.07","19.18","16.66","19.14","16.54"
"2019/08/02","16.01","0.79","5.19","16.44","16.97","15.87"
"2019/08/01","15.22","0.07","-0.46","15.85","15.87","14.97"
"2019/07/31","15.29","0.33","2.21","15.34","16.39","14.95"
"2019/07/30","14.96","0.12","-0.80","15.06","15.19","14.71"
"2019/07/29","15.08","0.74","5.16","15.00","15.47","14.81"
"2019/07/26","14.34","0.25","1.77","14.57","14.79","14.33"
"2019/07/25","14.09","0.34","2.47","14.17","14.43","13.95"
"2019/07/24","13.75","0.59","4.48","13.35","14.00","13.28"
"2019/07/23","13.16","0.51","-3.73","13.58","13.58","13.16"
"2019/07/22","13.67","0.56","4.27","13.78","13.88","13.67"
"2019/07/19","13.11","0.69","-5.00","13.24","13.42","13.10"
"2019/07/18","13.80","0.76","5.83","13.36","13.83","13.33"
"2019/07/17","13.04","0.47","3.74","12.94","13.44","12.92"
"2019/07/16","12.57","0.46","-3.53","12.89","13.01","12.56"
"2019/07/15","13.03","0.22","1.72","13.51","13.51","12.98"
"2019/07/12","12.81","1.15","-8.24","13.87","13.88","12.74"
"2019/07/11","13.96","0.67","-4.58","13.85","14.07","13.16"
"2019/07/10","14.63","0.20","1.39","14.21","14.66","14.05"
"2019/07/09","14.43","0.05","-0.35","14.41","14.43","14.08"
"2019/07/08","14.48","1.32","10.03","13.83","14.66","13.56"
"2019/07/05","13.16","0.01","0.08","13.31","13.36","13.02"
"2019/07/04","13.15","0.35","-2.59","13.39","13.46","13.10"
"2019/07/03","13.50","0.09","0.67","13.32","13.70","13.23"
"2019/07/02","13.41","0.62","-4.42","13.98","14.06","13.39"
"2019/07/01","14.03","0.40","-2.77","14.16","14.32","13.95"
"2019/06/28","14.43","0.49","3.52","14.22","14.49","14.14"
"2019/06/27","13.94","0.11","-0.78","14.15","14.37","13.94"
"2019/06/26","14.05","0.04","-0.28","14.40","14.41","14.05"
"2019/06/25","14.09","0.10","0.71","14.14","14.26","13.77"
"2019/06/24","13.99","0.22","1.60","14.43","14.46","13.81"
"2019/06/21","13.77","0.10","0.73","13.95","14.06","13.71"
"2019/06/20","13.67","0.73","-5.07","14.32","14.32","13.67"
"2019/06/19","14.40","0.14","-0.96","14.45","14.49","14.30"
"2019/06/18","14.54","0.14","-0.95","14.60","14.70","14.50"
"2019/06/17","14.68","0.28","1.94","15.01","15.01","14.60"
"2019/06/14","14.40","0.49","-3.29","15.05","15.12","14.33"
"2019/06/13","14.89","0.07","-0.47","14.88","15.42","14.51"
"2019/06/12","14.96","0.11","0.74","15.02","15.11","14.86"
"2019/06/11","14.85","0.09","-0.60","15.04","15.07","14.78"
"2019/06/10","14.94","0.85","-5.38","15.89","15.99","14.94"
"2019/06/07","15.79","0.67","-4.07","16.58","16.59","15.75"
"2019/06/05","16.46","0.94","-5.40","17.00","17.02","16.28"
"2019/06/04","17.40","0.08","0.46","17.47","17.66","17.32"
"2019/06/03","17.32","0.00","0.00","18.21","18.25","17.32"
"2019/05/31","17.32","0.65","3.90","17.23","17.34","16.83"
"2019/05/30","16.67","0.65","-3.75","17.01","17.35","16.67"
"2019/05/29","17.32","0.31","1.82","17.69","17.85","17.24"
"2019/05/28","17.01","0.06","-0.35","17.19","17.34","16.79"
"2019/05/27","17.07","0.41","2.46","17.27","17.30","16.95"
"2019/05/24","16.66","0.26","1.59","16.74","17.13","16.66"
"2019/05/23","16.40","0.30","1.86","16.31","16.84","16.21"
"2019/05/22","16.10","0.44","2.81","15.56","16.16","15.52"
"2019/05/21","15.66","0.24","-1.51","15.92","16.05","15.38"
"2019/05/20","15.90","0.13","-0.81","16.11","16.13","15.77"
"2019/05/17","16.03","0.57","-3.43","16.13","16.39","15.67"
"2019/05/16","16.60","0.03","-0.18","16.57","17.14","16.49"
"2019/05/15","16.63","1.42","-7.87","17.69","17.74","16.45"
"2019/05/14","18.05","0.33","-1.80","19.00","19.19","17.66"
"2019/05/13","18.38","0.15","-0.81","18.84","18.84","17.88"
"2019/05/10","18.53","0.25","1.37","17.53","19.97","17.53"
"2019/05/09","18.28","2.45","15.48","15.98","19.92","15.98"
"2019/05/08","15.83","1.22","8.35","15.97","15.99","15.23"
"2019/05/07","14.61","1.07","7.90","15.14","15.47","14.53"
"2019/05/03","13.54","0.18","-1.31","13.70","13.85","13.43"
"2019/05/02","13.72","0.44","3.31","13.70","13.83","13.32"
"2019/04/30","13.28","0.06","0.45","13.30","13.68","13.14"
"2019/04/29","13.22","0.24","1.85","13.10","13.30","12.76"
"2019/04/26","12.98","0.10","0.78","13.54","13.58","12.93"
"2019/04/25","12.88","0.02","-0.16","13.25","13.28","12.87"
"2019/04/24","12.90","0.18","1.42","12.88","13.42","12.79"
"2019/04/23","12.72","0.17","-1.32","12.96","12.99","12.64"
"2019/04/22","12.89","0.44","3.53","13.12","13.14","12.72"
"2019/04/19","12.45","0.40","-3.11","12.71","12.83","12.44"
"2019/04/18","12.85","0.20","1.58","12.88","13.13","12.78"
"2019/04/17","12.65","0.01","-0.08","12.81","12.82","12.65"
"2019/04/16","12.66","0.26","-2.01","13.04","13.08","12.62"
"2019/04/15","12.92","0.51","4.11","12.84","13.04","12.78"
"2019/04/12","12.41","0.12","0.98","12.70","12.76","12.33"
"2019/04/11","12.29","18.11","-59.57","12.62","12.63","12.10"
"2019/04/10","30.40","17.73","139.94","12.91","30.41","12.61"
"2019/04/09","12.67","0.48","-3.65","13.10","13.19","12.65"
"2019/04/08","13.15","0.44","-3.24","13.86","13.90","13.09"
"2019/04/05","13.59","0.01","-0.07","13.66","13.84","13.47"
"2019/04/04","13.60","0.31","2.33","13.49","13.60","13.30"
"2019/04/03","13.29","0.05","-0.37","13.40","13.43","13.10"
"2019/04/02","13.34","0.39","-2.84","13.42","13.65","13.33"
"2019/04/01","13.73","0.56","-3.92","13.80","13.90","13.65"
"2019/03/29","14.29","0.63","-4.22","14.84","14.91","14.08"
"2019/03/28","14.92","0.25","1.70","15.07","15.39","14.92"
"2019/03/27","14.67","0.15","-1.01","15.30","15.40","14.62"
"2019/03/26","14.82","0.24","-1.59","14.78","14.99","14.61"
"2019/03/25","15.06","1.96","14.96","14.67","15.18","14.63"
"2019/03/22","13.10","0.38","-2.82","13.35","13.36","13.09"
"2019/03/21","13.48","0.47","-3.37","13.72","13.90","13.41"
"2019/03/20","13.95","0.35","2.57","13.94","14.70","13.93"
"2019/03/19","13.60","0.30","-2.16","14.31","14.35","13.60"
"2019/03/18","13.90","0.30","2.21","14.23","14.32","13.89"
"2019/03/15","13.60","0.36","-2.58","13.92","14.27","13.43"
"2019/03/14","13.96","0.83","-5.61","14.33","14.67","13.79"
"2019/03/13","14.79","0.19","1.30","14.77","15.44","14.44"
"2019/03/12","14.60","0.98","-6.29","14.65","14.90","14.47"
"2019/03/11","15.58","0.41","2.70","15.33","15.98","15.30"
"2019/03/08","15.17","0.62","4.26","14.94","15.34","14.71"
"2019/03/07","14.55","0.02","0.14","14.78","15.14","14.55"
"2019/03/06","14.53","0.22","-1.49","14.93","14.97","14.52"
"2019/03/05","14.75","0.26","-1.73","15.29","15.31","14.75"
"2019/03/04","15.01","0.48","-3.10","14.80","15.07","14.61"
"2019/02/28","15.49","0.95","6.53","15.10","15.66","14.86"
"2019/02/27","14.54","0.09","-0.62","14.70","14.78","14.22"
"2019/02/26","14.63","0.04","0.27","14.80","14.91","14.51"
"2019/02/25","14.59","0.39","2.75","14.79","15.05","14.59"
"2019/02/22","14.20","0.33","-2.27","14.86","14.91","14.17"
"2019/02/21","14.53","0.11","-0.75","14.80","14.93","14.51"
"2019/02/20","14.64","0.51","-3.37","14.95","15.03","14.60"
"2019/02/19","15.15","0.86","6.02","15.48","15.53","14.70"
"2019/02/18","14.29","0.05","0.35","14.25","14.93","14.25"
"2019/02/15","14.24","0.48","3.49","13.94","14.67","13.79"
"2019/02/14","13.76","2.01","-12.75","15.69","15.69","13.40"
"2019/02/13","15.77","0.89","5.98","14.83","15.77","14.74"
"2019/02/12","14.88","0.01","0.07","14.70","14.88","14.54"
"2019/02/11","14.87","0.04","0.27","15.17","15.18","14.67"
"2019/02/08","14.83","0.08","0.54","15.15","15.47","14.76"
"2019/02/07","14.75","0.11","-0.74","15.24","15.26","14.66"
"2019/02/01","14.86","0.65","-4.19","15.60","15.60","14.72"
"2019/01/31","15.51","1.48","-8.71","16.14","16.16","15.51"
"2019/01/30","16.99","1.81","11.92","15.56","17.04","15.53"
"2019/01/29","15.18","0.24","1.61","15.23","15.46","15.14"
"2019/01/28","14.94","0.52","3.61","14.96","15.14","14.85"
"2019/01/25","14.42","0.39","2.78","13.91","14.89","13.91"
"2019/01/24","14.03","0.77","-5.20","14.63","14.72","14.00"
"2019/01/23","14.80","0.13","-0.87","15.13","15.22","14.80"
"2019/01/22","14.93","0.29","1.98","14.84","15.03","14.62"
"2019/01/21","14.64","0.32","2.23","14.95","15.18","14.64"
"2019/01/18","14.32","0.66","-4.41","14.85","14.91","14.31"
"2019/01/17","14.98","0.36","2.46","14.81","15.08","14.65"
"2019/01/16","14.62","0.44","-2.92","14.95","15.06","14.62"
"2019/01/15","15.06","0.09","0.60","14.58","15.17","14.29"
"2019/01/14","14.97","0.30","2.04","15.16","15.21","14.66"
"2019/01/11","14.67","0.34","-2.27","14.73","15.21","14.39"
"2019/01/10","15.01","0.44","-2.85","15.38","15.92","14.84"
"2019/01/09","15.45","0.68","-4.22","15.44","15.56","15.35"
"2019/01/08","16.13","0.54","-3.24","16.31","16.38","15.89"
"2019/01/07","16.67","1.29","-7.18","17.15","17.16","16.48"
"2019/01/04","17.96","1.29","-6.70","19.16","19.23","17.96"
"2019/01/03","19.25","0.49","-2.48","19.64","19.70","19.08"
"2019/01/02","19.74","0.75","3.95","18.95","20.19","18.92"
"2018/12/28","18.99","0.27","-1.40","18.88","19.14","18.85"
"2018/12/27","19.26","2.48","-11.41","20.54","20.55","19.10"
"2018/12/26","21.74","2.25","11.54","21.08","22.52","20.97"
"2018/12/24","19.49","0.82","4.39","19.75","19.95","19.46"
"2018/12/21","18.67","0.10","0.54","18.83","19.17","18.65"
"2018/12/20","18.57","0.72","4.03","18.39","19.01","17.54"
"2018/12/19","17.85","0.13","-0.72","17.92","18.03","17.64"
"2018/12/18","17.98","0.54","3.10","17.96","18.42","17.32"
"2018/12/17","17.44","0.21","-1.19","17.85","18.02","17.15"
"2018/12/14","17.65","1.78","11.22","15.67","18.01","15.67"
"2018/12/13","15.87","1.38","-8.00","17.03","17.03","15.87"
"2018/12/12","17.25","1.37","-7.36","18.19","18.25","17.13"
"2018/12/11","18.62","1.20","-6.05","19.55","19.69","18.62"
"2018/12/10","19.82","1.67","9.20","20.09","20.45","19.54"
"2018/12/07","18.15","0.81","-4.27","18.07","18.88","18.01"
"2018/12/06","18.96","1.86","10.88","17.79","19.09","17.69"
"2018/12/05","17.10","0.35","2.09","17.75","17.80","17.06"
"2018/12/04","16.75","0.13","0.78","16.69","17.00","16.35"
"2018/12/03","16.62","1.95","-10.50","17.22","17.25","16.50"
"2018/11/30","18.57","0.58","3.22","18.30","18.75","18.14"
"2018/11/29","17.99","0.45","2.57","17.25","18.19","17.19"
"2018/11/28","17.54","0.08","0.46","17.62","17.87","17.52"
"2018/11/27","17.46","0.36","-2.02","17.65","17.88","17.34"
"2018/11/26","17.82","0.66","-3.57","18.57","18.71","17.79"
"2018/11/23","18.48","0.07","0.38","18.36","18.96","18.29"
"2018/11/22","18.41","0.50","-2.64","18.74","18.88","18.41"
"2018/11/21","18.91","0.36","1.94","19.49","19.63","18.79"
"2018/11/20","18.55","0.83","4.68","18.67","18.68","18.20"
"2018/11/19","17.72","0.43","-2.37","17.57","18.28","17.44"
"2018/11/16","18.15","0.17","-0.93","17.71","18.27","17.57"
"2018/11/15","18.32","0.62","-3.27","18.76","19.64","18.27"
"2018/11/14","18.94","0.32","1.72","18.30","19.05","18.21"
"2018/11/13","18.62","1.93","11.56","18.61","19.92","18.23"
"2018/11/12","16.69","0.90","5.70","16.91","17.02","16.36"
"2018/11/09","15.79","0.81","-4.88","15.80","16.01","14.92"
"2018/11/08","16.60","2.65","-13.77","17.15","17.60","16.59"
"2018/11/07","19.25","0.64","-3.22","19.68","19.71","18.57"
"2018/11/06","19.89","0.16","0.81","19.67","20.48","18.97"
"2018/11/05","19.73","1.62","8.95","19.20","20.56","19.18"
"2018/11/02","18.11","1.59","-8.07","18.74","24.86","17.75"
"2018/11/01","19.70","0.79","-3.86","19.42","19.90","18.38"
"2018/10/31","20.49","1.42","-6.48","21.94","21.94","20.33"
"2018/10/30","21.91","1.12","-4.86","22.89","23.19","21.21"
"2018/10/29","23.03","0.61","2.72","22.33","23.05","21.32"
"2018/10/26","22.42","1.74","8.41","21.68","24.34","21.18"
"2018/10/25","20.68","1.75","9.24","22.34","23.11","20.67"
"2018/10/24","18.93","0.11","-0.58","18.39","19.16","17.94"
"2018/10/23","19.04","2.80","17.24","17.03","19.79","17.03"
"2018/10/22","16.24","0.28","1.75","17.17","17.22","16.07"
"2018/10/19","15.96","0.44","-2.68","17.37","17.79","15.90"
"2018/10/18","16.40","0.32","1.99","16.68","16.71","15.75"
"2018/10/17","16.08","1.97","-10.91","16.20","16.82","16.02"
"2018/10/16","18.05","0.35","-1.90","17.73","18.46","17.56"
"2018/10/15","18.40","1.22","7.10","18.20","18.67","17.72"
"2018/10/12","17.18","2.31","-11.85","19.30","19.30","16.58"
"2018/10/11","19.49","4.77","32.40","18.01","20.16","17.38"
"2018/10/10","14.72","0.71","5.07","14.10","15.21","14.08"
"2018/10/08","14.01","0.95","7.27","13.83","14.05","13.53"
"2018/10/05","13.06","0.13","1.01","12.91","13.52","12.74"
"2018/10/04","12.93","1.12","9.48","12.25","12.94","12.21"
"2018/10/02","11.81","0.21","1.81","11.58","11.97","11.35"
"2018/10/01","11.60","0.36","3.20","11.73","11.97","11.45"
"2018/09/28","11.24","0.11","-0.97","11.46","11.49","11.21"
"2018/09/27","11.35","0.26","2.34","11.92","11.92","11.35"
"2018/09/21","11.09","0.12","1.09","11.20","11.21","10.99"
"2018/09/20","10.97","0.45","-3.94","11.18","11.20","10.87"
"2018/09/19","11.42","0.20","-1.72","11.73","11.85","11.42"
"2018/09/18","11.62","0.06","0.52","11.94","11.98","11.60"
"2018/09/17","11.56","0.90","8.44","11.46","11.73","11.40"
"2018/09/14","10.66","0.85","-7.38","11.28","11.29","10.64"
"2018/09/13","11.51","0.50","-4.16","11.74","11.92","11.50"
"2018/09/12","12.01","0.28","-2.28","12.27","12.42","11.97"
"2018/09/11","12.29","0.27","-2.15","12.19","12.91","12.15"
"2018/09/10","12.56","0.16","-1.26","13.07","13.11","12.53"
"2018/09/07","12.72","0.28","2.25","13.44","13.53","12.55"
"2018/09/06","12.44","0.16","-1.27","12.52","12.61","12.07"
"2018/09/05","12.60","0.97","8.34","11.93","12.65","11.74"
"2018/09/04","11.63","0.36","-3.00","12.06","12.11","11.60"
"2018/09/03","11.99","0.35","3.01","12.05","12.26","11.93"
"2018/08/31","11.64","0.21","1.84","11.81","11.87","11.60"
"2018/08/30","11.43","0.05","0.44","11.48","11.51","11.20"
"2018/08/29","11.38","0.28","-2.40","11.70","11.74","11.32"
"2018/08/28","11.66","0.08","-0.68","11.62","11.78","11.48"
"2018/08/27","11.74","0.13","1.12","11.92","11.94","11.71"
"2018/08/24","11.61","0.40","-3.33","12.12","12.29","11.61"
"2018/08/23","12.01","0.28","-2.28","12.22","12.50","11.91"
"2018/08/22","12.29","0.14","-1.13","12.70","12.70","12.11"
"2018/08/21","12.43","1.21","-8.87","13.66","13.71","12.43"
"2018/08/20","13.64","0.15","-1.09","13.24","14.17","13.17"
"2018/08/17","13.79","0.53","-3.70","14.04","14.09","13.44"
"2018/08/16","14.32","1.19","9.06","15.28","15.81","14.19"
"2018/08/14","13.13","1.08","-7.60","14.06","14.06","12.93"
"2018/08/13","14.21","2.07","17.05","13.33","15.06","13.26"
"2018/08/10","12.14","0.70","6.12","11.85","12.23","11.50"
"2018/08/09","11.44","0.58","-4.83","12.10","12.13","11.39"
"2018/08/08","12.02","0.02","-0.17","11.95","12.09","11.81"
"2018/08/07","12.04","0.45","-3.60","12.52","12.65","12.04"
"2018/08/06","12.49","0.09","0.73","12.46","12.58","12.18"
"2018/08/03","12.40","1.07","-7.94","13.36","13.36","12.40"
"2018/08/02","13.47","0.96","7.67","12.55","13.82","12.34"
"2018/08/01","12.51","0.54","-4.14","12.80","12.80","12.51"
"2018/07/31","13.05","0.15","-1.14","13.35","13.46","13.04"
"2018/07/30","13.20","0.53","4.18","13.42","13.54","13.12"
"2018/07/27","12.67","0.50","-3.80","13.15","13.16","12.67"
"2018/07/26","13.17","0.72","-5.18","13.99","14.03","13.17"
"2018/07/25","13.89","0.20","-1.42","13.90","14.26","13.78"
"2018/07/24","14.09","0.57","-3.89","14.82","14.87","14.08"
"2018/07/23","14.66","0.73","5.24","14.64","14.92","14.43"
"2018/07/20","13.93","0.34","-2.38","14.46","14.84","13.79"
"2018/07/19","14.27","0.27","1.93","13.97","14.48","13.72"
"2018/07/18","14.00","0.20","1.45","13.34","14.24","13.12"
"2018/07/17","13.80","0.23","1.69","13.73","14.10","13.60"
"2018/07/16","13.57","0.51","3.91","13.75","13.77","13.31"
"2018/07/13","13.06","1.05","-7.44","13.70","13.75","13.06"
"2018/07/12","14.11","0.72","-4.86","14.56","14.66","13.98"
"2018/07/11","14.83","0.94","6.77","14.39","15.62","14.35"
"2018/07/10","13.89","0.92","-6.21","14.15","14.17","13.68"
"2018/07/09","14.81","1.47","-9.03","16.42","16.45","14.81"
"2018/07/06","16.28","1.06","-6.11","17.32","17.45","15.96"
"2018/07/05","17.34","0.15","-0.86","17.51","17.94","17.33"
"2018/07/04","17.49","0.27","-1.52","17.70","17.93","17.28"
"2018/07/03","17.76","0.58","-3.16","17.64","18.81","17.39"
"2018/07/02","18.34","2.30","14.34","16.47","18.34","16.42"
"2018/06/29","16.04","0.66","-3.95","16.75","17.49","15.96"
"2018/06/28","16.70","0.62","3.86","16.44","17.01","16.28"
"2018/06/27","16.08","0.34","2.16","15.73","16.08","15.47"
"2018/06/26","15.74","0.26","1.68","16.31","16.87","15.50"
"2018/06/25","15.48","0.31","2.04","16.06","16.18","15.25"
"2018/06/22","15.17","0.68","-4.29","16.54","16.81","15.14"
"2018/06/21","15.85","0.47","3.06","15.38","16.03","15.31"
"2018/06/20","15.38","1.36","-8.12","16.40","16.44","14.93"
"2018/06/19","16.74","1.65","10.93","15.49","17.00","15.38"
"2018/06/18","15.09","1.44","10.55","14.23","15.82","14.19"
"2018/06/15","13.65","0.47","3.57","12.80","13.83","12.76"
"2018/06/14","13.18","0.37","2.89","13.15","13.67","12.91"
"2018/06/12","12.81","0.44","-3.32","13.47","13.68","12.81"
"2018/06/11","13.25","0.29","2.24","13.44","13.46","13.06"
"2018/06/08","12.96","0.61","4.94","12.59","12.98","12.35"
"2018/06/07","12.35","0.16","-1.28","12.42","12.51","12.19"
"2018/06/05","12.51","0.16","-1.26","12.76","13.16","12.45"
"2018/06/04","12.67","0.51","-3.87","13.28","13.28","12.66"
"2018/06/01","13.18","1.37","-9.42","14.21","14.23","13.18"
"2018/05/31","14.55","0.97","-6.25","14.88","14.92","14.04"
"2018/05/30","15.52","2.59","20.03","13.75","15.99","13.72"
"2018/05/29","12.93","0.38","3.03","12.61","12.94","12.55"
"2018/05/28","12.55","0.05","0.40","12.82","12.84","12.54"
"2018/05/25","12.50","0.34","-2.65","13.22","13.30","12.50"
"2018/05/24","12.84","0.02","0.16","12.79","13.30","12.79"
"2018/05/23","12.82","0.12","-0.93","13.19","13.20","12.77"
"2018/05/21","12.94","0.25","1.97","13.49","13.99","12.76"
"2018/05/18","12.69","0.40","-3.06","12.82","13.04","12.65"
"2018/05/17","13.09","0.40","3.15","12.25","13.11","12.14"
"2018/05/16","12.69","0.11","-0.86","13.08","13.16","12.44"
"2018/05/15","12.80","1.09","9.31","11.76","12.88","11.74"
"2018/05/14","11.71","0.46","4.09","11.36","11.89","11.30"
"2018/05/11","11.25","0.70","-5.86","11.56","11.56","11.15"
"2018/05/10","11.95","0.78","-6.13","12.40","12.41","11.95"
"2018/05/09","12.73","0.66","-4.93","12.93","13.42","12.70"
"2018/05/08","13.39","0.08","0.60","13.35","13.39","12.99"
"2018/05/04","13.31","0.35","-2.56","13.56","13.56","13.26"
"2018/05/03","13.66","0.03","0.22","13.74","13.80","13.39"
"2018/05/02","13.63","0.04","0.29","13.87","14.01","13.49"
"2018/04/30","13.59","0.46","-3.27","14.21","14.24","13.58"
"2018/04/27","14.05","0.52","-3.57","14.25","14.31","13.97"
"2018/04/26","14.57","0.29","-1.95","14.71","14.83","14.38"
"2018/04/25","14.86","0.56","3.92","14.91","15.29","14.78"
"2018/04/24","14.30","0.72","5.30","13.65","14.40","13.61"
"2018/04/23","13.58","0.67","5.19","13.49","13.61","13.39"
"2018/04/20","12.91","0.31","2.46","12.81","12.99","12.68"
"2018/04/19","12.60","0.32","-2.48","12.76","12.76","12.52"
"2018/04/18","12.92","0.43","-3.22","13.01","13.31","12.81"
"2018/04/17","13.35","0.56","-4.03","13.62","13.67","13.27"
"2018/04/16","13.91","0.10","0.72","14.13","14.14","13.65"
"2018/04/13","13.81","1.43","-9.38","14.53","14.60","13.73"
"2018/04/12","15.24","0.41","-2.62","15.27","15.36","14.95"
"2018/04/11","15.65","0.54","3.57","15.49","15.73","15.19"
"2018/04/10","15.11","1.39","-8.42","17.04","17.05","15.11"
"2018/04/09","16.50","0.85","-4.90","17.80","17.80","16.47"
"2018/04/06","17.35","0.32","1.88","17.89","17.91","17.35"
"2018/04/05","17.03","1.83","-9.70","18.13","18.27","17.03"
"2018/04/04","18.86","0.25","1.34","18.39","18.92","18.04"
"2018/04/03","18.61","0.31","1.69","19.22","19.39","18.42"
"2018/04/02","18.30","0.76","4.33","18.56","18.56","18.04"
"2018/03/30","17.54","1.40","-7.39","18.55","18.55","17.54"
"2018/03/29","18.94","0.87","-4.39","19.79","19.79","18.91"
"2018/03/28","19.81","1.65","9.09","19.04","20.31","19.04"
"2018/03/27","18.16","1.13","-5.86","18.34","18.49","17.99"
"2018/03/26","19.29","0.92","-4.55","20.60","20.95","19.29"
"2018/03/23","20.21","3.97","24.45","18.09","20.52","18.08"
"2018/03/22","16.24","0.49","-2.93","16.36","16.37","15.78"
"2018/03/21","16.73","0.26","1.58","16.64","16.76","16.58"
"2018/03/20","16.47","0.17","1.04","17.06","17.09","16.46"
"2018/03/19","16.30","0.78","5.03","16.12","16.58","16.09"
"2018/03/16","15.52","0.00","0.00","15.72","16.11","15.52"
"2018/03/15","15.52","0.36","2.37","15.41","15.80","15.36"
"2018/03/14","15.16","0.11","0.73","15.36","15.38","15.14"
"2018/03/13","15.05","0.08","-0.53","15.18","15.25","14.86"
"2018/03/12","15.13","0.33","2.23","15.07","15.18","14.79"
"2018/03/09","14.80","0.69","-4.45","14.81","15.33","14.75"
"2018/03/08","15.49","2.11","-11.99","16.86","16.94","15.47"
"2018/03/07","17.60","0.93","5.58","17.48","17.89","16.80"
"2018/03/06","16.67","2.02","-10.81","17.19","17.19","16.27"
"2018/03/05","18.69","1.30","7.48","17.71","18.83","17.46"
"2018/03/02","17.39","1.84","11.83","17.54","18.33","17.19"
"2018/02/28","15.55","1.02","7.02","20.00","20.01","14.51"
"2018/02/27","14.53","0.58","-3.84","14.35","14.71","14.18"
"2018/02/26","15.11","0.38","-2.45","15.38","15.49","15.11"
"2018/02/23","15.49","1.36","-8.07","16.17","16.17","15.48"
"2018/02/22","16.85","0.29","1.75","17.48","17.48","16.64"
"2018/02/21","16.56","0.54","-3.16","17.20","17.22","16.33"
"2018/02/20","17.10","0.44","2.64","16.73","17.75","16.53"
"2018/02/19","16.66","1.86","-10.04","16.54","17.00","16.40"
"2018/02/14","18.52","1.62","-8.04","19.03","19.18","18.46"
"2018/02/13","20.14","1.53","-7.06","19.59","20.49","18.50"
"2018/02/12","21.67","2.06","-8.68","22.12","22.47","20.79"
"2018/02/09","23.73","5.52","30.31","24.16","24.18","21.63"
"2018/02/08","18.21","4.83","-20.96","20.23","21.65","17.86"
"2018/02/07","23.04","0.43","1.90","19.04","23.35","17.59"
"2018/02/06","22.61","6.37","39.22","22.67","28.34","20.98"
"2018/02/05","16.24","1.90","13.25","17.10","17.83","16.01"
"2018/02/02","14.34","0.36","2.58","14.14","17.09","13.95"
"2018/02/01","13.98","0.56","-3.85","14.41","14.41","13.90"
"2018/01/31","14.54","0.31","2.18","14.49","14.91","13.70"
"2018/01/30","14.23","0.81","6.04","13.74","14.47","13.66"
"2018/01/29","13.42","0.90","7.19","13.08","13.51","13.08"
"2018/01/26","12.52","0.04","0.32","12.65","12.73","12.52"
"2018/01/25","12.48","0.28","-2.19","12.94","12.96","12.48"
"2018/01/24","12.76","0.01","0.08","12.90","13.03","12.69"
"2018/01/23","12.75","0.34","-2.60","13.02","13.02","12.64"
"2018/01/22","13.09","0.42","3.31","13.33","13.66","13.05"
"2018/01/19","12.67","0.14","1.12","12.57","12.78","12.56"
"2018/01/18","12.53","0.32","2.62","12.39","12.58","12.23"
"2018/01/17","12.21","0.40","3.39","11.94","12.21","11.86"
"2018/01/16","11.81","0.03","0.25","11.95","12.10","11.78"
"2018/01/15","11.78","0.78","7.09","11.66","11.89","11.63"
"2018/01/12","11.00","0.19","-1.70","10.96","11.08","10.74"
"2018/01/11","11.19","0.93","-7.67","12.08","12.10","11.19"
"2018/01/10","12.12","0.09","0.75","12.04","12.32","11.88"
"2018/01/09","12.03","0.28","-2.27","12.47","12.54","12.03"
"2018/01/08","12.31","0.39","3.27","12.44","12.71","12.21"
"2018/01/05","11.92","0.30","-2.45","12.11","12.17","11.83"
"2018/01/04","12.22","0.42","-3.32","12.66","12.85","12.22"
"2018/01/03","12.64","0.02","-0.16","12.84","13.01","12.64"
"2018/01/02","12.66","0.60","4.98","12.99","13.13","12.58"
"2017/12/28","12.06","0.84","-6.51","12.87","12.99","12.06"
"2017/12/27","12.90","0.03","-0.23","12.95","13.00","12.60"
"2017/12/26","12.93","1.01","8.47","12.46","13.19","12.45"
"2017/12/22","11.92","0.80","-6.29","14.07","14.17","11.88"
"2017/12/21","12.72","0.85","7.16","12.54","12.92","12.20"
"2017/12/20","11.87","0.12","1.02","12.00","12.10","11.84"
"2017/12/19","11.75","0.35","3.07","11.36","11.97","11.29"
"2017/12/18","11.40","0.34","3.07","11.56","11.67","11.26"
"2017/12/15","11.06","0.70","-5.95","11.56","11.73","10.89"
"2017/12/14","11.76","0.58","5.19","10.63","13.08","10.37"
"2017/12/13","11.18","0.98","-8.06","12.17","12.19","11.15"
"2017/12/12","12.16","0.30","-2.41","12.50","12.68","12.16"
"2017/12/11","12.46","0.58","-4.45","13.26","13.35","12.46"
"2017/12/08","13.04","0.62","-4.54","13.68","13.82","13.04"
"2017/12/07","13.66","0.08","0.59","13.53","14.13","13.44"
"2017/12/06","13.58","0.60","4.62","13.23","13.81","13.00"
"2017/12/05","12.98","0.25","-1.89","13.47","13.51","12.98"
"2017/12/04","13.23","0.03","-0.23","13.47","13.71","13.23"
"2017/12/01","13.26","0.06","0.45","13.10","13.61","13.03"
"2017/11/30","13.20","0.97","7.93","13.06","13.61","12.38"
"2017/11/29","12.23","0.23","1.92","12.33","12.56","12.21"
"2017/11/28","12.00","0.43","-3.46","12.11","12.13","11.75"
"2017/11/27","12.43","0.94","8.18","11.98","12.88","11.98"
"2017/11/24","11.49","0.01","-0.09","11.57","11.61","11.43"
"2017/11/23","11.50","0.03","0.26","11.52","11.69","11.45"
"2017/11/22","11.47","0.06","-0.52","11.64","11.78","11.44"
"2017/11/21","11.53","0.26","-2.21","11.73","11.86","11.52"
"2017/11/20","11.79","0.50","4.43","11.58","11.94","11.50"
"2017/11/17","11.29","0.04","-0.35","11.20","11.54","10.96"
"2017/11/16","11.33","0.70","-5.82","11.93","12.07","11.21"
"2017/11/15","12.03","0.39","3.35","12.05","12.20","11.66"
"2017/11/14","11.64","0.17","-1.44","11.75","11.99","11.58"
"2017/11/13","11.81","0.70","6.30","11.29","12.07","11.29"
"2017/11/10","11.11","0.86","-7.18","11.76","11.92","11.11"
"2017/11/09","11.97","1.25","-9.46","13.00","13.02","11.97"
"2017/11/08","13.22","0.70","-5.03","14.03","14.03","13.22"
"2017/11/07","13.92","0.13","0.94","13.60","14.11","13.23"
"2017/11/06","13.79","0.70","5.35","13.21","14.07","13.10"
"2017/11/03","13.09","0.10","0.77","12.94","13.31","12.92"
"2017/11/02","12.99","0.30","2.36","12.75","13.10","12.52"
"2017/11/01","12.69","0.63","5.22","12.36","12.88","12.31"
"2017/10/31","12.06","0.33","-2.66","12.40","12.40","11.99"
"2017/10/30","12.39","0.18","1.47","12.52","12.54","12.31"
"2017/10/27","12.21","0.36","-2.86","12.33","12.34","12.13"
"2017/10/26","12.57","0.20","1.62","12.40","12.60","12.25"
"2017/10/25","12.37","0.08","0.65","12.39","12.65","12.24"
"2017/10/24","12.29","0.06","0.49","12.33","12.35","12.20"
"2017/10/23","12.23","0.30","2.51","12.39","12.47","12.22"
"2017/10/20","11.93","0.47","-3.79","12.23","12.23","11.93"
"2017/10/19","12.40","0.32","2.65","12.09","12.40","11.86"
"2017/10/18","12.08","0.08","0.67","12.16","12.39","12.08"
"2017/10/17","12.00","0.08","0.67","11.97","12.04","11.88"
"2017/10/16","11.92","0.46","4.01","11.74","12.08","11.73"
"2017/10/13","11.46","0.72","-5.91","12.21","12.22","11.42"
"2017/10/12","12.18","1.02","-7.73","13.01","13.01","12.18"
"2017/10/11","13.20","0.66","-4.76","13.46","13.47","13.06"
"2017/10/10","13.86","0.45","3.36","13.69","13.99","13.37"
"2017/09/29","13.41","0.76","6.01","13.09","13.41","12.96"
"2017/09/28","12.65","0.28","2.26","12.71","13.05","12.43"
"2017/09/27","12.37","0.28","-2.21","12.75","12.75","12.26"
"2017/09/26","12.65","0.29","2.35","13.00","13.33","12.58"
"2017/09/25","12.36","0.04","0.32","12.81","12.81","12.33"
"2017/09/22","12.32","0.76","6.57","11.74","12.63","11.73"
"2017/09/21","11.56","0.13","-1.11","11.69","11.76","11.52"
"2017/09/20","11.69","0.35","3.09","11.54","11.77","11.53"
"2017/09/19","11.34","0.00","0.00","11.51","11.57","11.34"
"2017/09/18","11.34","0.22","1.98","11.26","11.60","11.06"
"2017/09/15","11.12","0.41","-3.56","12.23","12.29","10.94"
"2017/09/14","11.53","1.87","-13.96","12.86","12.93","11.53"
"2017/09/13","13.40","0.06","-0.45","13.65","13.65","12.28"
"2017/09/12","13.46","0.43","-3.10","13.71","13.87","13.46"
"2017/09/11","13.89","1.10","-7.34","13.55","14.19","13.31"
"2017/09/08","14.99","0.33","2.25","14.61","15.26","14.50"
"2017/09/07","14.66","1.63","-10.01","15.56","15.56","14.28"
"2017/09/06","16.29","0.17","1.05","16.55","16.64","16.15"
"2017/09/05","16.12","0.89","5.84","15.08","16.46","15.08"
"2017/09/04","15.23","1.87","14.00","15.76","15.76","14.67"
"2017/09/01","13.36","0.28","-2.05","13.27","13.87","13.18"
"2017/08/31","13.64","0.70","5.41","13.13","14.06","13.13"
"2017/08/30","12.94","0.78","-5.69","13.44","13.44","12.94"
"2017/08/29","13.72","0.67","5.13","14.08","15.44","13.57"
"2017/08/28","13.05","0.87","7.14","12.65","13.22","12.59"
"2017/08/25","12.18","0.01","0.08","12.42","12.61","12.18"
"2017/08/24","12.17","0.44","-3.49","12.33","12.40","12.04"
"2017/08/23","12.61","0.04","-0.32","12.40","12.95","12.34"
"2017/08/22","12.65","0.76","-5.67","12.76","12.99","12.65"
"2017/08/21","13.41","0.31","2.37","13.69","13.84","13.23"
"2017/08/18","13.10","0.91","7.47","13.71","14.03","12.89"
"2017/08/17","12.19","1.90","-13.48","13.51","13.53","12.19"
"2017/08/16","14.09","2.66","-15.88","14.00","14.90","13.96"
"2017/08/14","16.75","2.21","-11.66","17.28","17.41","16.57"
"2017/08/11","18.96","2.41","14.56","20.60","21.01","18.56"
"2017/08/10","16.55","0.85","5.41","15.30","20.31","15.07"
"2017/08/09","15.70","3.16","25.20","14.54","16.28","14.51"
"2017/08/08","12.54","0.08","-0.63","12.12","13.02","12.12"
"2017/08/07","12.62","0.16","-1.25","12.54","12.64","12.06"
"2017/08/04","12.78","0.70","-5.19","13.04","13.58","12.72"
"2017/08/03","13.48","2.07","18.14","12.82","15.21","12.81"
"2017/08/02","11.41","0.25","-2.14","11.59","11.62","11.29"
"2017/08/01","11.66","1.13","-8.84","12.70","12.70","11.63"
"2017/07/31","12.79","0.14","-1.08","13.08","13.41","12.49"
"2017/07/28","12.93","2.55","24.57","11.04","12.93","11.04"
"2017/07/27","10.38","0.14","-1.33","10.40","10.58","10.36"
"2017/07/26","10.52","0.16","1.54","10.43","10.99","10.36"
"2017/07/25","10.36","0.30","2.98","10.16","10.44","10.04"
"2017/07/24","10.06","0.24","2.44","10.33","10.41","10.06"
"2017/07/21","9.82","0.57","-5.49","10.47","10.52","9.82"
"2017/07/20","10.39","0.23","-2.17","10.70","10.81","10.28"
"2017/07/19","10.62","0.12","-1.12","10.76","10.96","10.58"
"2017/07/18","10.74","0.04","-0.37","10.80","10.89","10.68"
"2017/07/17","10.78","0.35","3.36","10.66","10.92","10.64"
"2017/07/14","10.43","0.50","-4.57","10.76","10.78","10.14"
"2017/07/13","10.93","0.80","-6.82","11.67","11.92","10.92"
"2017/07/12","11.73","0.36","-2.98","12.14","12.15","11.71"
"2017/07/11","12.09","0.46","-3.67","12.49","12.51","12.01"
"2017/07/10","12.55","0.42","-3.24","13.12","13.14","12.46"
"2017/07/07","12.97","0.02","-0.15","13.33","13.55","12.96"
"2017/07/06","12.99","0.19","-1.44","13.06","13.27","12.90"
"2017/07/05","13.18","0.85","-6.06","13.80","13.85","13.13"
"2017/07/04","14.03","1.73","14.07","12.34","14.38","12.31"
"2017/07/03","12.30","0.30","2.50","12.42","12.48","12.30"
"2017/06/30","12.00","0.35","3.00","12.20","12.22","11.98"
"2017/06/29","11.65","0.33","-2.75","12.01","12.06","11.65"
"2017/06/28","11.98","0.24","2.04","11.86","12.09","11.84"
"2017/06/27","11.74","0.13","-1.10","12.01","12.06","11.74"
"2017/06/26","11.87","0.56","4.95","11.97","12.02","11.86"
"2017/06/23","11.31","0.13","1.16","11.26","11.44","11.18"
"2017/06/22","11.18","0.45","-3.87","11.59","11.61","11.17"
"2017/06/21","11.63","0.08","-0.68","11.98","12.00","11.63"
"2017/06/20","11.71","0.03","-0.26","11.91","12.01","11.69"
"2017/06/19","11.74","0.28","2.44","11.94","12.04","11.74"
"2017/06/16","11.46","0.25","-2.13","11.68","11.72","11.46"
"2017/06/15","11.71","0.08","0.69","11.75","12.18","11.57"
"2017/06/14","11.63","0.09","0.78","11.65","11.97","11.60"
"2017/06/13","11.54","0.55","-4.55","12.00","12.05","11.50"
"2017/06/12","12.09","0.66","5.77","12.02","12.22","11.90"
"2017/06/09","11.43","0.69","-5.69","11.46","11.81","11.23"
"2017/06/08","12.12","0.77","-5.97","12.92","13.02","12.04"
"2017/06/07","12.89","0.08","-0.62","13.13","13.28","12.80"
"2017/06/05","12.97","0.29","2.29","13.11","13.20","12.95"
"2017/06/02","12.68","0.09","-0.70","12.86","12.99","12.62"
"2017/06/01","12.77","0.41","-3.11","13.32","13.42","12.77"
"2017/05/31","13.18","0.42","-3.09","13.64","13.74","13.18"
"2017/05/30","13.60","0.42","-3.00","14.03","14.19","13.60"
"2017/05/29","14.02","0.51","3.77","14.25","14.58","13.92"
"2017/05/26","13.51","0.05","-0.37","13.52","14.49","13.51"
"2017/05/25","13.56","0.61","4.71","12.92","13.60","12.92"
"2017/05/24","12.95","0.07","0.54","13.20","13.25","12.95"
"2017/05/23","12.88","0.09","0.70","12.85","13.47","12.80"
"2017/05/22","12.79","0.09","-0.70","13.08","13.17","12.73"
"2017/05/19","12.88","0.30","-2.28","13.04","13.07","12.64"
"2017/05/18","13.18","0.35","2.73","13.67","14.06","13.18"
"2017/05/17","12.83","0.32","2.56","12.98","12.99","12.62"
"2017/05/16","12.51","0.38","-2.95","13.24","13.42","12.51"
"2017/05/15","12.89","0.57","4.63","12.93","13.10","12.79"
"2017/05/12","12.32","2.40","-16.30","13.74","13.86","12.32"
"2017/05/11","14.72","1.43","-8.85","15.57","15.61","14.13"
"2017/05/10","16.15","0.41","2.60","17.38","18.88","15.94"
"2017/05/08","15.74","1.97","14.31","14.28","16.07","13.80"
"2017/05/04","13.77","0.59","4.48","13.72","13.77","13.36"
"2017/05/02","13.18","0.91","7.42","12.77","13.68","12.71"
"2017/04/28","12.27","0.45","3.81","11.93","12.41","11.70"
"2017/04/27","11.82","0.36","-2.96","12.38","12.44","11.82"
"2017/04/26","12.18","0.16","1.33","12.47","12.68","12.18"
"2017/04/25","12.02","0.75","-5.87","12.62","13.41","12.02"
"2017/04/24","12.77","0.12","-0.93","12.81","12.96","12.74"
"2017/04/21","12.89","0.41","-3.08","12.86","12.97","12.49"
"2017/04/20","13.30","1.57","-10.56","15.02","15.02","13.30"
"2017/04/19","14.87","0.51","-3.32","15.71","16.01","14.77"
"2017/04/18","15.38","0.43","-2.72","15.52","16.51","15.16"
"2017/04/17","15.81","0.59","-3.60","15.78","16.76","15.30"
"2017/04/14","16.40","1.87","12.87","13.90","19.30","13.90"
"2017/04/13","14.53","1.22","-7.75","14.74","25.80","14.52"
"2017/04/12","15.75","0.93","-5.58","16.77","26.95","15.74"
"2017/04/11","16.68","1.91","12.93","15.18","19.05","14.85"
"2017/04/10","14.77","2.14","16.94","13.27","15.32","13.26"
"2017/04/07","12.63","0.81","6.85","11.66","13.09","11.66"
"2017/04/06","11.82","0.72","6.49","11.64","12.31","11.64"
"2017/04/05","11.10","0.16","1.46","10.89","11.70","10.74"
"2017/04/04","10.94","0.07","-0.64","11.09","11.09","10.67"
"2017/04/03","11.01","0.05","-0.45","11.31","11.32","10.96"
"2017/03/31","11.06","0.14","-1.25","11.15","11.22","10.99"
"2017/03/30","11.20","0.35","-3.03","11.32","11.50","11.16"
"2017/03/29","11.55","0.70","-5.71","12.04","12.05","11.55"
"2017/03/28","12.25","0.72","-5.55","12.68","12.72","12.21"
"2017/03/27","12.97","0.61","4.94","12.96","13.12","12.85"
"2017/03/24","12.36","0.39","-3.06","12.58","12.69","12.35"
"2017/03/23","12.75","0.41","-3.12","12.93","12.98","12.67"
"2017/03/22","13.16","0.52","4.11","13.15","13.57","13.11"
"2017/03/21","12.64","0.90","7.67","11.84","12.91","11.83"
"2017/03/20","11.74","0.49","4.36","11.75","11.85","11.69"
"2017/03/17","11.25","0.02","-0.18","11.09","11.46","10.86"
"2017/03/16","11.27","0.11","-0.97","11.70","11.70","11.15"
"2017/03/15","11.38","0.27","2.43","11.29","11.70","11.29"
"2017/03/14","11.11","0.41","3.83","10.60","11.21","10.55"
"2017/03/13","10.70","0.03","0.28","10.73","10.89","10.63"
"2017/03/10","10.67","1.29","-10.79","12.29","12.31","10.43"
"2017/03/09","11.96","0.66","5.84","11.34","11.96","11.22"
"2017/03/08","11.30","0.11","0.98","11.05","11.30","10.90"
"2017/03/07","11.19","0.09","-0.80","11.07","11.25","10.87"
"2017/03/06","11.28","0.31","2.83","11.31","11.41","11.06"
"2017/03/03","10.97","0.42","3.98","10.71","11.27","10.63"
"2017/03/02","10.55","0.09","-0.85","10.81","10.94","10.49"
"2017/02/28","10.64","0.02","0.19","10.68","10.71","10.46"
"2017/02/27","10.62","0.43","4.22","10.61","10.79","10.49"
"2017/02/24","10.19","0.40","4.09","9.92","10.38","9.84"
"2017/02/23","9.79","0.07","0.72","9.81","9.83","9.70"
"2017/02/22","9.72","0.28","-2.80","10.00","10.01","9.71"
"2017/02/21","10.00","0.17","-1.67","10.09","10.35","9.98"
"2017/02/20","10.17","0.15","1.50","10.42","10.62","10.11"
"2017/02/17","10.02","0.12","-1.18","10.32","10.33","10.02"
"2017/02/16","10.14","0.05","-0.49","10.19","10.29","10.09"
"2017/02/15","10.19","0.28","-2.67","10.53","10.55","10.10"
"2017/02/14","10.47","0.02","-0.19","10.58","10.74","10.41"
"2017/02/13","10.49","0.10","0.96","10.80","10.86","10.46"
"2017/02/10","10.39","0.53","-4.85","10.80","10.80","10.32"
"2017/02/09","10.92","0.39","-3.45","11.38","11.41","10.81"
"2017/02/08","11.31","0.40","-3.42","11.97","12.05","11.31"
"2017/02/07","11.71","0.25","-2.09","11.94","12.03","11.71"
"2017/02/06","11.96","0.03","0.25","12.07","12.27","11.91"
"2017/02/03","11.93","0.28","-2.29","12.03","12.22","11.91"
"2017/02/02","12.21","0.11","0.91","12.02","12.41","11.68"
"2017/02/01","12.10","0.43","-3.43","12.42","12.48","12.10"
"2017/01/31","12.53","0.94","8.11","12.41","12.59","12.25"
"2017/01/26","11.59","0.53","-4.37","12.00","12.00","11.59"
"2017/01/25","12.12","0.37","-2.96","12.51","12.53","12.08"
"2017/01/24","12.49","0.42","-3.25","12.79","12.95","12.49"
"2017/01/23","12.91","0.19","1.49","13.13","13.16","12.88"
"2017/01/20","12.72","0.16","1.27","13.01","13.01","12.66"
"2017/01/19","12.56","0.31","2.53","12.05","13.08","12.00"
"2017/01/18","12.25","0.44","3.73","12.01","12.65","11.89"
"2017/01/17","11.81","0.01","0.08","11.60","11.83","11.46"
"2017/01/16","11.80","0.84","7.66","11.29","12.15","11.13"
"2017/01/13","10.96","1.07","-8.89","11.68","11.70","10.89"
"2017/01/12","12.03","0.64","5.62","11.57","12.06","11.53"
"2017/01/11","11.39","0.42","3.83","11.23","11.65","11.05"
"2017/01/10","10.97","0.16","-1.44","11.08","11.27","10.97"
"2017/01/09","11.13","0.13","1.18","11.26","11.38","11.04"
"2017/01/06","11.00","0.12","-1.08","11.02","11.03","10.76"
"2017/01/05","11.12","0.22","2.02","10.92","11.20","10.79"
"2017/01/04","10.90","0.34","-3.02","11.19","11.20","10.90"
"2017/01/03","11.24","0.44","-3.77","11.66","11.66","11.21"
"2017/01/02","11.68","0.17","1.48","12.28","12.30","11.68"