,날짜,시가,고가,저가,종가,거래량,회사코드,시가총액,60beta,60개월평균수익률,티커,BPS,PER,PBR,EPS,DIV,DPS
0,2022-04-29,65100,67600,65000,67400,26190390,005930,402363343870000,1.039374920677631,1.0068980632724713,005930,43611,11.65,1.54,5777,2.15,1444
1,2022-04-29,110000,112500,109500,112500,3752415,000660,81900266062500,0.8582728886952152,1.0123079465478249,000660,90394,7.9,1.22,13989,1.39,1540
2,2022-04-29,827000,839000,827000,838000,64323,207940,59643812000000,1.2275677813837444,1.0266489654105417,207940,74551,142.54,11.24,5879,0.0,0
3,2022-04-29,282500,287500,281500,286500,540274,035420,47000062852500,0.9441806057948582,1.009732841947241,035420,157641,2.53,1.78,110854,0.18,511
4,2022-04-29,604000,628000,600000,611000,402673,006400,42015127830000,0.9199177914179858,1.0251694172296753,006400,219885,34.93,2.78,17492,0.16,1000
5,2022-04-29,89300,90400,88700,89900,1110597,035720,40119709499400,1.2862252525500821,1.0270315320738883,035720,23018,27.1,3.79,3221,0.06,53
6,2022-04-29,187000,188000,184000,186000,767005,005380,39742282782000,1.202404250747177,1.0042746666697033,005380,289609,9.85,0.65,18979,2.67,5000
7,2022-04-29,506000,527000,502000,519000,479495,051910,36637426017000,0.9495783068099188,1.0107031360531542,051910,278455,11.17,1.89,47108,2.28,12000
8,2022-04-29,83500,83900,82700,83800,1207682,000270,33969448478600,1.2794285510881718,1.0147304369259749,000270,87073,7.11,0.97,11874,3.55,3000
9,2022-04-29,286500,290500,285500,289000,178473,005490,25196995315000,1.0592055959695967,1.0012892824405324,005490,666803,3.36,0.44,87330,5.8,17000
10,2022-04-29,175000,178000,173000,176000,353925,068270,24761089760000,1.0244086651304365,1.0130273012971018,068270,28307,41.85,6.11,4134,0.43,750
11,2022-04-29,58900,59000,58100,58500,871015,105560,24122620899000,0.622652609663919,1.0025867690309505,105560,121808,5.24,0.48,11134,5.04,2940
12,2022-04-29,41700,42400,41650,42150,1069064,055550,21774671201100,0.569046606922659,0.9979928985183572,055550,88548,5.71,0.47,7308,4.7,1960
13,2022-04-29,114500,116000,114000,115500,300868,028260,21585457855500,1.1355906069289219,0.998884445592191,028260,184352,11.9,0.64,9913,3.56,4200
14,2022-04-29,267500,269500,265500,268000,123866,034730,20166919106950,1.0493787033931328,1.0016678104202301,034730,375047,7.19,0.72,37408,2.97,8000
15,2022-04-29,207500,210000,206000,207500,199674,012330,19623917005000,1.1164698551708756,0.9988748660683365,012330,387397,8.13,0.54,25645,1.92,4000
16,2022-04-29,120000,120500,115500,116500,1980893,066570,19064970331000,1.457645759735672,1.0087436130542082,066570,95691,20.35,1.22,5725,0.73,850
17,2022-04-29,218000,225000,204500,205000,1376178,096770,18955440620000,1.2884811134490204,1.0030270125553977,096770,206117,55.91,0.99,3640,1.23,2508
18,2022-04-29,592000,593000,572000,576000,82337,010130,17492380640000,0.5194862649778766,1.0050601380180593,010130,430439,12.64,1.34,45648,3.47,20000
19,2022-04-29,28700,28750,27900,28400,3595636,011200,14829370178700,1.785932059849728,1.0219557746433179,011200,21179,2.14,1.37,13506,2.07,600
20,2022-04-29,47600,47650,46850,47000,901258,086790,14111376914000,0.9234224519773543,1.0030290927064873,086790,117363,3.94,0.4,11819,6.65,3100
21,2022-04-29,72600,73400,72500,73300,252247,003550,14003834694000,0.9438341444692153,1.002300693893569,003550,132574,4.76,0.56,15504,3.79,2800
22,2022-04-29,22900,23200,22500,23100,3734896,015760,13888721686400,0.7993065464456608,0.988820006554714,015760,99334,0.0,0.23,0,0.0,0
23,2022-04-29,209000,211000,207000,210000,74462,000810,13620265637500,0.6596515501596728,0.9959435920427568,000810,363848,7.8,0.57,26399,5.83,12000
24,2022-04-29,56800,57300,56700,57000,640368,017670,13020672034800,0.670489105430302,1.0053753325700314,017670,53218,7.93,1.07,7191,11.68,6660
25,2022-04-29,64100,65200,64000,65100,187315,032830,13020000000000,1.165466068716443,0.9913707806290303,032830,210566,7.92,0.31,8183,4.63,3000
26,2022-04-29,21300,21450,20600,20600,4595157,034020,12473489208000,1.9645351740090977,1.002449110903497,034020,11261,19.44,1.82,1052,0.0,0
27,2022-04-29,81500,82600,81500,82600,313428,033780,12366155340000,0.22692130971225113,0.996571737989684,033780,76336,10.45,1.08,7898,5.82,4800
28,2022-04-29,105000,107000,103000,103500,415541,010950,11652318972000,0.8146274051219778,1.0006236266365776,010950,60024,8.95,1.77,11840,3.58,3800
29,2022-04-29,146000,151500,145500,148500,363545,018260,11490603300000,0.9323192192444284,1.0012835070099233,018260,93454,18.86,1.59,7901,1.61,2400
30,2022-04-29,30050,30150,29800,30150,1148380,003490,10534997920000,1.191426308957952,1.0069703905096183,003490,19356,17.18,1.55,1743,0.0,0
31,2022-04-29,163500,167500,163000,166000,666919,009150,10525984991000,1.1851010806885678,1.0137631760436177,009150,88937,14.27,1.89,11811,1.25,2100
32,2022-04-29,35400,35800,35250,35800,989889,030200,10404238233000,0.5072816833459521,1.0017679182756616,030200,63512,6.16,0.56,5759,5.38,1910
33,2022-04-29,193500,197500,192500,196500,80714,011170,9957009219500,0.5398320650193006,0.9908067139520985,011170,420424,5.04,0.47,39260,4.19,8300
34,2022-04-29,180000,184000,177000,181000,683408,090430,9528733870000,1.1454418327713924,0.9920607375691043,090430,69049,63.48,2.59,2820,0.55,980
35,2022-04-29,413500,422000,411000,421500,86030,036570,8654944179000,0.36212372117077435,1.0026320535534254,036570,155059,22.0,2.74,19318,1.38,5860
36,2022-04-29,351500,355000,343000,349000,376307,011070,8373381603750,0.6371650543344043,1.0164007914837319,011070,140050,9.22,2.47,37537,0.87,3000
37,2022-04-29,11250,11350,11150,11250,1539019,024110,8259820343000,0.5357851730272415,0.9982455322867291,024110,34345,3.91,0.33,2877,6.93,780
38,2022-04-29,913000,925000,903000,909000,44179,051900,8190681176250,1.0506399327184743,1.0008079960133005,051900,321556,18.08,2.83,50395,1.32,12000
39,2022-04-29,43950,44000,43300,43500,452352,004020,8117766128500,1.46764455577002,0.9961283075627261,004020,135836,3.96,0.32,11110,2.27,1000
40,2022-04-29,201500,211000,194000,209000,423263,086280,7837500000000,0.9969911906348609,1.0061119439969761,086280,154732,10.08,1.36,20877,1.81,3800
41,2022-04-29,133000,136000,132500,136000,350650,003670,7350297395200,0.8803791058195735,1.0392296095581268,003670,30845,77.01,4.38,1753,0.22,300
42,2022-04-29,39150,39950,38900,39700,263585,016360,6968954750000,0.9990302584035448,1.0022942528735217,016360,68096,3.68,0.58,10810,9.56,3800
43,2022-04-29,403500,412000,396000,398000,54369,097950,6496972048800,0.8903590329019184,1.0025794799484196,097950,381542,10.5,1.05,38246,1.25,5000
44,2022-04-29,16350,16750,16350,16750,4497901,034220,6120911904000,1.3119006122036994,0.9906672163659951,034220,36664,5.04,0.46,3315,3.89,650
45,2022-04-29,26700,26850,26450,26800,351234,035250,6112559054000,0.7220853567341406,0.9950245013197119,035250,16044,0.0,1.66,0,0.0,0
46,2022-04-29,11400,11500,11250,11400,955590,018880,6085320000000,1.250951009897917,1.0049834459625975,018880,4391,19.55,2.57,578,3.19,360
47,2022-04-29,31400,32000,30900,32000,946086,009830,5993412975000,1.3326887024963299,1.004544542194961,009830,42563,9.61,0.75,3320,0.0,0
48,2022-04-29,94400,94600,91700,91800,220942,009540,5991566028000,1.3899940284798058,0.9918619162557821,009540,139385,0.0,0.66,0,0.0,0
49,2022-04-29,13750,14000,13650,14000,1704006,032640,5748806767400,0.6097181703464325,0.9994728542411201,032640,17852,8.47,0.78,1642,3.96,550
50,2022-04-29,153000,154000,150500,151500,150808,011790,5733605400000,1.4240147140608603,1.0281460233747917,011790,55782,24.78,2.74,6174,0.72,1100
51,2022-04-29,42700,42700,41200,41550,185760,241560,5562236136000,0.9818453087355483,1.0009921101304027,241560,43105,10.69,0.95,3845,2.92,1200
52,2022-04-29,69600,71300,69300,70900,135130,021240,5401297575000,0.7960316229549398,0.9942020849279514,021240,26268,11.27,2.75,6418,1.73,1250
53,2022-04-29,44700,45650,43450,44350,196356,000060,5349718750000,0.2519612178317785,1.0154269195806456,000060,22086,7.69,2.01,5768,1.4,620
54,2022-04-29,6160,6170,6040,6060,3035056,010140,5332800000000,1.4589038816488722,0.9934352860320779,010140,4813,0.0,1.25,0,0.0,0
55,2022-04-29,44650,44950,44150,44550,431362,000720,4960899330750,1.49352212637314,0.9990240349054719,000720,64200,12.34,0.7,3625,1.34,600
56,2022-04-29,26450,26650,25900,26000,1028889,028050,4960765738000,1.0281381140536647,1.012690863882354,028050,10216,13.74,2.55,1900,0.0,0
57,2022-04-29,87200,88700,86700,88000,199232,020150,4960291477900,0.9332827333160657,1.028486755969878,020150,21440,65.17,4.14,1361,0.34,300
58,2022-04-29,7950,8050,7870,8050,839633,006800,4953297084400,1.2166721105623626,0.9986684348790996,006800,16780,4.47,0.48,1803,3.72,300
59,2022-04-29,66900,68000,66500,67300,142654,005830,4764840000000,0.45381625381883717,0.9998275570612359,005830,110605,4.56,0.6,14482,5.3,3500
60,2022-04-29,149000,154500,148000,154500,119419,011780,4680707898000,0.7689001753746217,1.0118723540259622,011780,181037,2.19,0.85,70433,6.47,10000
61,2022-04-29,43550,44050,43400,43700,277133,078930,4474443183600,0.743307565334633,0.9949252336255742,078930,108672,2.91,0.41,15304,4.49,2000
62,2022-04-29,41450,41650,40650,41000,340102,036460,4321628292450,0.9962032463344873,0.9978684670425811,036460,103337,3.75,0.4,11078,6.57,2728
63,2022-04-29,35000,35200,34750,34850,280537,161390,4317046154650,1.1366412627057831,0.9912916731669514,161390,66955,7.26,0.53,4901,1.97,700
64,2022-04-29,43150,44350,43100,43850,490864,047810,4274283441950,0.9592549167828059,0.9937698471956942,047810,13023,70.81,3.57,656,0.43,200
65,2022-04-29,6620,6690,6540,6550,1256301,008560,4176996042550,0.6239352986165303,1.0077160773842035,008560,8360,5.69,0.82,1201,1.46,100
66,2022-04-29,55600,57500,55600,57500,61839,180640,4165352847300,0.3496116413028582,1.0175459895663341,180640,23786,232.39,2.41,247,0.0,0
67,2022-04-29,52000,52000,49600,50000,373014,002790,4122909000000,1.1967210141951161,0.9840506102390286,002790,36853,25.54,1.38,1989,0.89,450
68,2022-04-29,38600,39750,37450,37850,232972,138040,4060402018600,0.3338363158087573,1.0183671213298364,138040,29591,6.41,1.29,5932,0.55,210
69,2022-04-29,6630,6690,6540,6660,1357451,028670,4057753480000,1.1426805788413044,1.0041007121513466,028670,6728,6.72,1.03,1028,1.45,100
70,2022-04-29,33400,33500,33150,33450,83152,029780,3934255035200,0.4026182681456985,0.9970655715876018,029780,70408,6.47,0.47,5164,6.89,2300
71,2022-04-29,8260,8290,8190,8290,465443,003410,3875479903950,0.9568359772662985,1.0175141974187718,003410,3296,22.27,2.5,370,5.34,440
72,2022-04-29,313500,316500,311000,312000,29493,128940,3838772680000,1.0685683277508555,1.001756302698286,128940,65719,56.54,4.72,5483,0.16,500
73,2022-04-29,70000,71000,69600,70600,157474,071050,3784833000000,1.2414379114195422,1.005336511928681,071050,126688,2.32,0.55,30208,8.79,6150
74,2022-04-29,42100,42450,41800,42050,417390,006360,3598701654500,1.20962402183566,1.0049328146158354,006360,54487,8.75,0.78,4834,3.07,1300
75,2022-04-29,10600,10850,10550,10850,712800,005940,3598575242850,0.9449068395916491,0.9967378034036247,005940,21630,3.52,0.5,3071,9.72,1050
76,2022-04-29,34250,34450,34100,34250,108770,004990,3593141367250,1.6215393845820187,0.9861597216427217,004990,97570,7.95,0.35,4315,4.37,1500
77,2022-04-29,60600,61200,60400,61100,150707,000100,3560232949920,1.018902603327909,1.0082587792735203,000100,28297,40.71,2.15,1496,0.66,400
78,2022-04-29,131500,133000,131000,132000,74332,139480,3545210000000,0.6055556499876973,0.9907880691171491,139480,369202,2.34,0.36,56152,1.52,2000
79,2022-04-29,51300,51900,50500,51200,72456,008930,3513532620800,1.556514249419453,0.9987184392931775,008930,10268,79.47,4.94,638,0.39,200
80,2022-04-29,84800,84900,82900,83900,220217,010620,3351146301100,1.625462364516616,1.0099126511702108,010620,54249,0.0,1.53,0,0.0,0
81,2022-04-29,93000,94500,93000,94500,41683,023530,3186947425200,1.2045604062366007,0.9845403676773932,023530,356677,0.0,0.26,0,2.96,2800
82,2022-04-29,6610,6620,6500,6590,1437533,042670,3099675511000,1.4139024007529308,0.9967945250191522,042670,6945,1.13,0.95,5816,0.0,0
83,2022-04-29,24600,24800,24300,24700,551324,047050,3047366180300,1.1543696102936964,1.0004792717020987,047050,28259,8.4,0.87,2924,3.26,800
84,2022-04-29,344000,346000,340500,342500,28237,002380,3043616317500,1.3740380994489518,1.0022697181416789,002380,657509,0.0,0.53,0,2.0,7000
85,2022-04-29,28850,29050,28700,28850,107843,007070,3021112049700,0.6678008594066555,0.989883734890212,007070,39822,3.27,0.75,9096,4.04,1200
86,2022-04-29,67900,69700,67500,67700,750426,000990,3005784407600,1.434169403012391,1.0196202142503854,000990,25449,9.17,2.63,7292,0.67,450
87,2022-04-29,81600,81700,80900,81200,164617,008770,2910542992500,1.3573479502699908,1.0078476139088,008770,15228,113.45,5.32,714,0.25,200
88,2022-04-29,31650,32550,31500,32550,391760,001450,2909970000000,0.18876585220844422,0.998002008873468,001450,63866,5.9,0.49,5286,4.74,1480
89,2022-04-29,93600,95500,93200,95300,40845,039490,2821744594700,1.1640519378303609,1.0031101086482157,039490,149422,2.95,0.62,31680,3.75,3500
90,2022-04-29,55600,55900,54000,54400,267319,204320,2813765259260,1.67884047674692,1.002799290005362,204320,41672,15.25,1.31,3567,1.47,800
91,2022-04-29,74500,75700,73500,73600,186063,052690,2812992000000,1.000768693560535,1.0180238544544975,052690,13496,170.14,5.45,432,0.32,238
92,2022-04-29,235000,247000,232000,246500,87376,014680,2805918312000,0.9092875826502355,1.0186380045454737,014680,61936,18.23,3.92,13332,0.86,2100
93,2022-04-29,121000,123500,121000,123000,27947,000120,2794125567500,0.3779137083731532,0.9949658647120125,000120,178766,66.54,0.69,1841,0.0,0
94,2022-04-29,37300,37700,37100,37300,188871,000080,2698579000000,0.5572536072604629,1.0097008203141136,000080,15657,36.32,2.39,1031,2.14,800
95,2022-04-29,25400,25700,25150,25300,411871,030000,2673287347500,0.533870621636661,1.0052762041519332,030000,11030,15.67,2.32,1634,3.87,990
96,2022-04-29,7920,8040,7870,7880,1933562,138930,2671960000000,0.7933951443297318,0.9967841847927199,138930,28745,3.37,0.27,2341,7.1,560
97,2022-04-29,67500,69000,67000,68900,66477,012750,2618143364200,0.23651223112905392,0.9942131202771033,012750,42676,18.01,1.61,3815,3.64,2500
98,2022-04-29,248500,250500,247000,248500,30975,004170,2615983690300,1.1973938210378021,1.0032531946901866,004170,380637,7.9,0.65,31193,1.22,3000
99,2022-04-29,19000,19200,18850,19100,628519,093370,2553478200000,0.597213125006825,1.0162991913466715,093370,2679,78.07,7.11,244,0.08,15
100,2022-04-29,177000,185000,176000,183000,141782,069620,2521849899400,1.5317404075730763,1.01186073264263,069620,51816,81.88,3.54,2241,0.33,600
101,2022-04-29,26600,26900,26450,26800,61258,026960,2516108640500,0.72963639314234,0.9976571676784418,026960,14531,23.41,1.85,1149,2.6,700
102,2022-04-29,48000,48600,47500,48000,71388,111770,2498719588900,0.7409137682820803,1.005813265100518,111770,50585,7.06,0.95,6795,2.08,1000
103,2022-04-29,82400,83100,81200,82100,269901,079550,2465219311050,1.1159247583460319,1.0002866984431864,079550,35023,17.71,2.44,4829,1.4,1200
104,2022-04-29,7010,7010,6720,6770,3357254,047040,2446527478500,1.5589611128889642,0.9987673859752239,047040,7817,5.73,0.86,1180,0.0,0
105,2022-04-29,98700,106000,98200,105500,591288,010060,2412937734600,1.717351877689133,1.0048539042961449,010060,128783,4.0,0.85,27387,1.83,2000
106,2022-04-29,53000,53400,52300,53300,370676,012450,2252496146290,0.6871118605236421,1.0004116282388351,012450,57134,10.92,0.95,4989,1.28,700
107,2022-04-29,2950,2965,2920,2940,1309150,088350,2246649450000,1.5361934942478044,0.9877746361252027,088350,15004,1.99,0.19,1455,0.0,0
108,2022-04-29,26600,26600,25950,26300,272148,042660,2202912413000,1.5232761167190287,1.0026787143665041,042660,20672,0.0,1.26,0,0.0,0
109,2022-04-29,59100,60800,59000,59800,166558,112610,2120343225000,2.2592697403985986,1.031679077659759,112610,21204,36.67,2.76,1598,1.02,600
110,2022-04-29,183500,189500,183000,188500,28248,006280,2102700000000,1.2755421785937904,1.0023232208227468,006280,111693,17.88,1.73,10796,1.04,2000
111,2022-04-29,57200,58100,56400,57700,129744,006260,2079160681650,1.5216698827132424,0.9979653677524485,006260,127727,5.75,0.45,10004,2.52,1450
112,2022-04-29,32400,32900,32050,32600,200072,081660,1980522437200,0.7959528204855677,1.0143327990924003,081660,26806,8.23,1.2,3914,3.11,1000
113,2022-04-29,19050,19150,18900,19050,282944,064350,1857940000000,1.3975857219277363,0.9984167289515422,064350,11847,31.36,1.61,609,0.0,0
114,2022-04-29,185000,188000,182000,182000,27856,005300,1849766740800,0.8704366249831261,1.0013632713575316,005300,143885,14.99,1.39,13341,1.5,3000
115,2022-04-29,37650,38700,37650,38100,290372,051600,1846081847000,0.8508327563097162,0.9931927744912286,051600,24711,17.37,1.54,2193,3.15,1199
116,2022-04-29,18300,18550,18150,18500,83750,009420,1810138106700,1.273904753082401,1.0062891732965122,009420,3193,106.03,5.78,174,0.0,0
117,2022-04-29,79400,80400,78200,78600,57027,009240,1798907092450,1.4441377956824721,0.9829920325417385,009240,36438,21.98,1.97,3266,2.16,1550
118,2022-04-29,8900,8970,8820,8950,282623,175330,1781277936500,0.5090474726588023,1.0065479322545448,175330,21392,3.53,0.41,2510,6.76,599
119,2022-04-29,65100,65700,64100,65500,129490,011210,1771564783700,1.856515707173448,1.0001533870781145,011210,122356,28.18,0.54,2346,1.06,700
120,2022-04-29,62300,62700,61600,62300,100542,120110,1762996901300,0.9946754538286213,0.9984443546253843,120110,80483,9.82,0.77,6336,2.09,1300
121,2022-04-29,29100,30100,28800,30050,76792,003090,1757323485000,2.0039263662782645,1.0141937100675127,003090,17576,15.68,1.69,1897,0.34,100
122,2022-04-29,59100,61100,58300,59400,37746,014820,1747166499000,1.0808371166494957,1.0005419681211012,014820,22662,39.36,2.6,1499,1.02,600
123,2022-04-29,467000,470000,462000,470000,2213,007310,1733791613400,0.6119343304002286,0.9925304501646675,007310,442610,12.22,1.05,38054,1.72,8000
124,2022-04-29,306500,308500,301500,303500,24073,004370,1725831070000,0.3225741744724468,0.9992749269363119,004370,377778,17.73,0.81,17263,1.31,4000
125,2022-04-29,30350,30900,29900,30650,350260,019170,1714500000000,1.2721248058059478,1.0266645270131054,019170,6896,0.0,4.33,0,0.0,0
126,2022-04-29,75100,76200,75100,75700,44240,069960,1714439369300,0.9715044387435168,0.9940949526218534,069960,202283,8.78,0.38,8652,1.45,1100
127,2022-04-29,82900,83500,82600,83400,28076,004800,1688756888000,0.6450656468911873,0.9996406584159523,004800,131860,3.77,0.63,22012,7.83,6500
128,2022-04-29,18900,19150,18350,18850,996265,001230,1687874472900,1.7555565885165578,1.0088651952258698,001230,28552,3.29,0.68,5888,2.07,400
129,2022-04-29,85800,87500,85000,87000,36959,001040,1657586336000,1.1684935535290166,0.9882944250106994,001040,151085,10.61,0.58,8197,2.64,2300
130,2022-04-29,53000,53600,52600,53600,45128,010780,1655843681600,1.459455862312667,1.0036986970207487,010780,40644,15.38,1.3,3447,2.26,1200
131,2022-04-29,35400,35700,35200,35650,90735,017800,1623989943500,0.9531723084567414,0.9974515821025455,017800,27485,12.81,1.29,2771,2.25,800
132,2022-04-29,11650,11900,11650,11900,273260,003000,1607981854400,0.25560716235769537,0.9987726252447692,003000,3938,0.0,3.02,0,0.84,100
133,2022-04-29,81900,83500,80900,81500,127689,004000,1581919407600,0.9113081202723647,1.0125775196136935,004000,86322,3.57,0.95,22986,2.8,2300
134,2022-04-29,15300,15400,15100,15300,479538,042700,1513472236200,1.602269740437928,1.0237572660208296,042700,3506,14.19,4.28,1057,2.0,300
135,2022-04-29,39500,39500,38450,38450,438837,001120,1512163747020,1.7459497254865117,1.0028059059828527,001120,49349,3.95,0.78,9733,5.98,2300
136,2022-04-29,2960,3000,2910,2940,412814,003280,1508865030750,0.7578145106923808,0.9695010773361865,003280,428,24.58,6.78,118,0.0,0
137,2022-04-29,20400,20700,20000,20250,525197,020560,1506838221000,1.5279568299000863,0.9990014213763408,020560,6775,0.0,2.97,0,0.0,0
138,2022-04-29,29750,30150,29650,30150,181233,000880,1492780190400,1.3918791271809783,0.9953202551378454,000880,52527,3.03,0.56,9781,2.53,750
139,2022-04-29,40250,41150,40250,40850,199446,012510,1483840383000,0.6198409643468172,1.0068011878780878,012510,15708,24.18,2.62,1704,1.09,450
140,2022-04-29,47600,48650,47400,47950,86739,178920,1455061559150,1.2530569970091168,1.01743262943792,178920,11097,22.07,4.33,2179,2.27,1090
141,2022-04-29,48900,48900,47550,47850,171033,010120,1435500000000,1.3709691231837655,0.9990034096482555,010120,50525,17.28,0.99,2890,2.0,1000
142,2022-04-29,8970,9020,8880,8940,764883,139130,1408115139900,0.7617665552919839,0.9955968791057972,139130,32507,3.07,0.27,2886,7.12,630
143,2022-04-29,61800,62200,61200,61900,41184,000210,1381307742000,0.7176776834697973,0.9973552763581178,000210,173922,1.49,0.36,41881,3.05,1900
144,2022-04-29,47700,49150,46800,47000,429711,161890,1348000000000,1.0856173884113862,0.9911126940062744,161890,29876,30.06,1.57,1565,0.88,415
145,2022-04-29,4230,4315,4205,4310,342784,073240,1320630608000,0.9624168564571195,0.9896417832276144,073240,4083,0.0,1.04,0,0.0,0
146,2022-04-29,149500,153000,148000,152000,28349,006650,1302840000000,1.2968360733667088,0.9926592808784492,006650,328546,6.26,0.46,24277,2.3,3500
147,2022-04-29,27150,27200,26350,27000,298679,005850,1301488479000,1.174921298460125,1.0104991685486597,005850,32608,12.94,0.83,2094,1.85,500
148,2022-04-29,32150,33100,31550,31750,242589,031430,1301234130580,0.9046819592058607,1.0130089271866625,031430,20084,13.87,1.59,2300,0.94,300
149,2022-04-29,89500,89800,88000,89800,72530,000150,1297169219600,1.4300704316626247,1.0026430619073434,000150,121631,7.38,0.72,11890,2.28,2000
150,2022-04-29,41300,41400,40850,41400,13351,006120,1273632499500,1.3757180573567271,1.0010356475430966,006120,121961,4.03,0.35,10478,3.55,1500
151,2022-04-29,685000,685000,676000,683000,488,000670,1258113320000,0.7931232264553023,0.9946382354635338,000670,2011831,9.42,0.34,72187,1.47,10000
152,2022-04-29,9900,9910,9700,9720,314535,003690,1238091836970,0.4253212989883967,0.9974928630101416,003690,24697,6.94,0.4,1423,5.32,525
153,2022-04-29,35300,35800,35200,35200,56109,181710,1207000000000,0.8123021430986097,1.0013587374753932,181710,53297,10.67,0.67,3341,0.0,0
154,2022-04-29,4860,4890,4805,4850,475958,001740,1203710087950,0.8023547491955101,0.991672995571295,001740,10056,10.73,0.48,451,2.48,120
155,2022-04-29,245000,249500,244000,249500,3638,006040,1193183105000,0.848164369446782,0.9949775449987207,006040,421286,4.95,0.58,49605,2.04,5000
156,2022-04-29,10900,11250,10900,11200,386986,011000,1169233300000,-0.8590890971086764,1.014452306680128,011000,2659,0.0,4.17,0,0.0,0
157,2022-04-29,79123,81566,79123,80687,79184,039130,1159245376500,1.290292153479322,0.9996408323076312,039130,6373,0.0,13.04,0,0.0,0
158,2022-04-29,115500,121500,114000,119000,50378,018670,1133475000000,0.7450913917842948,1.0006457432866802,018670,235917,4.57,0.54,27773,4.02,5100
159,2022-04-29,1009000,1016000,1002000,1016000,291,003240,1131214400000,0.9285386953142937,1.0021904655832217,003240,4626787,2.69,0.22,377488,0.17,1750
160,2022-04-29,21550,22250,21300,22150,246643,089590,1116000000000,1.3289783442974898,0.9965761446923557,089590,3705,0.0,5.88,0,0.0,0
161,2022-04-29,48700,52100,48050,49800,3111838,249420,1098399036000,1.2190214706691709,1.0165287396211604,249420,6429,0.0,8.17,0,0.0,0
162,2022-04-29,48800,49800,48650,49800,34044,192080,1082258167800,0.6507386015418819,0.9984066838460345,192080,49639,6.71,1.0,7391,1.41,700
163,2022-04-29,59000,60100,58600,59700,34740,016710,1068942000000,0.4874512633556388,1.0319423341241216,016710,29257,56.63,2.01,1040,0.42,250
164,2022-04-29,26100,26200,25450,26100,350095,105630,1042214145000,1.0746663137630932,0.9992510907749003,105630,11835,15.56,2.26,1716,1.87,500
165,2022-04-29,6710,6760,6650,6740,73740,082640,1030549237800,1.0947256382342638,0.993363573831478,082640,19530,3.8,0.34,1768,9.24,620
166,2022-04-29,2670,2690,2650,2675,563922,005880,1004250000000,2.157239630912628,1.0028878144614395,005880,4140,3.06,0.66,891,0.0,0
167,2022-04-29,14500,14600,14350,14550,61978,000240,1000267353960,0.9674135746531948,0.9947116780038731,000240,39349,6.92,0.37,2094,4.14,600
168,2022-04-29,85300,88400,84400,86000,289333,192820,998921194600,0.762543340942665,0.9920067614052054,192820,49474,12.26,1.72,6944,0.65,550
169,2022-04-29,17500,17800,17400,17650,25146,003540,988609950000,0.791170938328385,1.0059690730115698,003540,39313,1.86,0.44,9323,8.09,1400
170,2022-04-29,20750,21000,20650,20750,50321,023590,984822243150,1.0586836917830793,1.0,023590,45679,2.37,0.45,8693,2.91,600
171,2022-04-29,183500,185500,183500,185000,2323,017390,938540624000,0.3803275823563448,1.0141337204188714,017390,266539,86.49,0.69,2139,0.95,1750
172,2022-04-29,32300,32300,31800,32000,98267,103140,937113400500,1.1585903266323985,0.9966870504101643,103140,60099,3.74,0.54,8686,3.08,1000
173,2022-04-29,50500,51200,50000,50200,31192,034120,909548583000,1.365843027538904,1.0116194403019225,034120,37150,6.56,1.36,7693,1.98,1000
174,2022-04-29,53200,57100,52100,56100,1399258,005070,868224000000,1.2453952764877934,1.0472854131361418,005070,6831,90.4,7.99,604,0.0,0
175,2022-04-29,25250,25550,25050,25400,132660,001680,864468223750,0.8816524660469605,1.0011200708704362,001680,34063,6.3,0.74,4001,3.17,800
176,2022-04-29,23300,26200,22000,24650,28041489,016380,862325341250,1.625902426517828,0.9877417128465672,016380,11498,12.37,2.05,1908,0.42,100
177,2022-04-29,97600,99200,97600,99000,21730,185750,835406046000,1.392540271013571,1.0012115120357323,185750,48073,27.09,2.04,3614,1.02,1000
178,2022-04-29,21900,22250,21850,22150,40936,005250,830710400000,1.5261214074540639,0.9935794538278612,005250,22586,18.04,0.98,1222,1.81,400
179,2022-04-29,14850,14900,14650,14800,61741,001800,820655028200,0.9286147562920445,0.986621407719923,001800,34867,10.32,0.42,1429,4.41,650
180,2022-04-29,11350,11500,11300,11450,132657,005690,808993110960,-0.2570993794951678,1.0162415686643915,005690,1090,72.64,10.6,159,0.0,0
181,2022-04-29,1800,1885,1790,1810,34157983,001440,780675484170,1.7283968099114642,1.001675761636701,001440,439,56.67,4.26,33,0.0,0
182,2022-04-29,111500,114000,109500,113000,22141,004690,776610810000,0.585600905384702,1.0010663802562023,004690,392735,6.5,0.29,17385,2.65,3000
183,2022-04-29,16450,16750,16400,16500,350571,032350,766668210000,1.6838042325578766,1.0148042283394512,032350,811,0.0,20.1,0,0.0,0
184,2022-04-29,94500,94700,92200,93600,2705,016590,763751481600,0.932050714630209,1.0202265568062128,016590,139181,6.36,0.67,14644,1.34,1250
185,2022-04-29,44050,44900,44050,44700,77907,097520,751050650400,0.921033755496377,1.0184027094297985,097520,16767,19.43,2.58,2229,1.15,500
186,2022-04-29,29450,29750,28000,28050,2370135,002240,740495374500,0.906986781401963,0.9990859808619492,002240,66447,5.04,0.43,5645,1.05,300
187,2022-04-29,51300,51400,50700,51400,24652,009450,740097312000,1.0942642692953257,1.0057907681920368,009450,31164,8.88,1.68,5898,0.86,450
188,2022-04-29,27750,28150,27500,27600,277649,079160,731761182975,1.5183010796368634,0.9829278822414538,079160,5520,0.0,4.97,0,0.0,0
189,2022-04-29,69900,70400,67600,70000,22065,025540,729050000000,1.3687290834702597,0.9997401655168306,025540,81648,11.33,0.85,6100,1.01,700
190,2022-04-29,6400,6560,6370,6450,872884,037560,724800000000,1.3757449890527076,0.9936897278259389,037560,8424,18.42,0.76,348,1.72,110
191,2022-04-29,85900,86900,85600,86900,5063,000070,723776082000,1.1924375364660766,0.9937614696789191,000070,226314,2.81,0.38,30711,3.48,3000
192,2022-04-29,2315,2460,2290,2410,9326168,002900,714555742080,1.6382728982944028,1.0077225751788208,002900,1714,12.97,1.48,195,0.79,20
193,2022-04-29,4810,4845,4790,4810,599399,003530,713366270000,1.8249160018662893,1.0105669369610717,003530,8572,7.22,0.56,659,4.2,200
194,2022-04-29,6900,6920,6760,6870,108991,002350,706849203060,1.1084045499712885,0.988622297649268,002350,15543,153.56,0.44,45,1.52,105
195,2022-04-29,22450,22650,22400,22550,18894,008730,704839503300,0.9866657676623904,1.0088383467402033,008730,13954,66.28,1.62,341,2.21,500
196,2022-04-29,4020,4020,3975,3980,37281,085620,704524432220,0.7145757621227387,0.9943543723277627,085620,14579,6.57,0.27,604,2.52,100
197,2022-04-29,179500,180500,176500,178000,3763,049770,701179371200,0.6708887144133944,0.9939617391142885,049770,206995,9.61,0.84,18009,2.02,3500
198,2022-04-29,14200,14350,13700,14000,1173586,025860,695503802000,1.0595231701246215,1.0070586309384948,025860,9748,31.86,1.48,452,0.42,60
199,2022-04-29,55300,55400,54600,55000,14552,005180,689725929200,0.5900325997107213,0.9963241168356297,005180,63095,0.0,0.87,0,2.56,1400
200,2022-04-29,2225,2230,2200,2210,342706,034830,686924072000,0.720993165647774,0.994031871455458,034830,4475,3.63,0.49,611,4.51,100
201,2022-04-29,4860,4860,4735,4750,671557,000370,685302702900,1.337322766105508,0.9929703153356704,000370,12157,4.99,0.39,939,0.0,0
202,2022-04-29,55200,55700,54800,55300,44807,001820,670978314990,1.3142271865198876,1.0240344287602978,001820,19654,19.71,2.78,2770,0.92,500
203,2022-04-29,18500,18800,18350,18700,17074,192400,665012859500,1.0544316041708475,0.998741231813722,192400,28532,4.11,0.67,4660,3.66,700
204,2022-04-29,6940,7100,6940,6990,215900,037270,661124689200,2.123097691909258,1.0176961287443365,037270,2125,20.2,3.31,348,0.0,0
205,2022-04-29,7900,7980,7810,7860,12141,097230,654535848660,1.3093487537729664,0.9741659488321246,097230,5189,0.0,1.53,0,0.0,0
206,2022-04-29,2035,2035,1980,2000,539181,000400,654483671750,0.9243337653240873,0.9950107446809722,000400,3242,5.26,0.62,379,0.0,0
207,2022-04-29,17000,17050,16850,17050,14818,034310,645893215000,0.5711407507724777,0.9980226230025141,034310,20040,10.95,0.85,1548,2.21,375
208,2022-04-29,57700,57700,57100,57700,1165,001720,645150000000,0.46650224295952825,1.0024235348702901,001720,81242,2.58,0.71,22418,6.92,4000
209,2022-04-29,17050,17200,16700,16850,162111,017810,642331132700,1.20395976614252,1.0043327141709555,017810,11434,51.54,1.46,325,0.61,102
210,2022-04-29,28550,28850,28550,28600,9501,210980,634638690400,0.7644764304811413,1.000593358385861,210980,26427,4.83,1.08,5910,2.8,800
211,2022-04-29,114000,114500,113500,114000,2503,000640,625144201500,0.9452427662066794,0.9957717287772774,000640,154410,11.62,0.74,9768,1.32,1500
212,2022-04-29,33650,35100,33000,34650,625906,033240,620235000000,1.609018556859436,1.0124423928326391,033240,17751,26.66,1.92,1279,0.0,0
213,2022-04-29,24300,25050,24200,24450,256519,001530,599849324800,1.4387622086550862,1.0259911224896983,001530,29290,10.79,0.82,2234,0.83,200
214,2022-04-29,27950,27950,27150,27200,33198,001880,598469436500,1.411462439778163,1.0080130391952247,001880,41105,3.45,0.66,7911,2.75,750
215,2022-04-29,70500,70500,69500,70000,10519,170900,591251710000,0.9611156604633174,0.9951340503786337,170900,77762,45.75,0.89,1519,1.44,1000
216,2022-04-29,10550,10700,10450,10550,95659,161000,587705642000,1.2637607936123776,0.9969790496935973,161000,14384,4.54,0.73,2302,5.26,550
217,2022-04-29,33000,33000,32250,32500,15207,006390,582976987560,1.0558931447816202,1.0073051811216882,006390,18240,13.94,1.77,2310,3.73,1200
218,2022-04-29,3295,3295,3265,3290,118974,001200,582376032000,1.681070452211742,1.0014005877964707,001200,10239,3.39,0.32,966,4.28,140
219,2022-04-29,22450,22500,22250,22400,59853,069260,578908144800,0.6905932658770716,0.9994153156643535,069260,18226,11.28,1.22,1972,4.49,1000
220,2022-04-29,13100,13250,12850,13150,408121,017960,578083954550,1.2636313060643185,1.011402894196827,017960,9042,38.92,1.44,334,1.15,150
221,2022-04-29,52200,52600,49750,50800,149661,005090,577672387500,0.5552936593124191,0.9974809353513773,005090,41630,11.73,1.2,4270,2.99,1500
222,2022-04-29,28700,29600,28550,29550,73319,033270,576000000000,0.868562013568302,1.0060720741362355,033270,20259,15.44,1.47,1930,1.24,370
223,2022-04-29,18550,18650,18150,18250,61489,001430,574843500000,1.5417058477053098,0.9929506042353967,001430,51304,3.53,0.36,5231,8.13,1500
224,2022-04-29,19550,19700,19350,19550,59074,093050,571642000000,0.9043485098168458,0.9959432752336026,093050,46904,4.64,0.41,4169,3.1,600
225,2022-04-29,15250,15500,15150,15500,298002,114090,568937862000,1.1221359117706247,0.9944078241442814,114090,6201,0.0,2.48,0,0.0,0
226,2022-04-29,28200,31750,26350,26800,3999953,226320,567354797350,1.948084903364513,0.991216957620958,226320,21524,0.0,1.19,0,0.78,200
227,2022-04-29,54900,55200,54500,55000,12103,145990,567239695000,1.3666747118273173,0.9906907185682393,145990,125904,13.86,0.45,4099,2.2,1250
228,2022-04-29,90700,91500,90000,90000,8742,005610,559240000000,0.7401617542291132,0.9859385327036543,005610,41335,18.28,2.21,4990,1.64,1500
229,2022-04-29,21700,22300,21350,22300,48344,029460,558001198300,1.268472474359438,1.0099767396818107,029460,53833,5.29,0.41,4200,1.35,300
230,2022-04-29,23400,23600,23350,23600,14134,071840,557142003200,1.5878702297780867,0.9859975183983766,071840,78984,0.0,0.3,0,4.27,1000
231,2022-04-29,12200,12250,11950,12100,192532,077500,549622168200,1.5907341334370417,1.0092838936731123,077500,11339,5.12,1.06,2342,2.5,300
232,2022-04-29,50100,50400,47900,47950,118939,064960,541818255000,1.0511329021687696,1.0010588320265685,064960,61655,8.54,0.8,5787,3.24,1600
233,2022-04-29,30500,30900,29850,30900,259023,001060,541585874900,0.7727317740750985,0.9964112637793419,001060,8650,0.0,3.53,0,1.06,325
234,2022-04-29,9070,9100,8940,9060,173558,104700,538701826300,1.1416327167486846,1.003154399672873,104700,18601,3.73,0.49,2435,2.75,250
235,2022-04-29,77700,78600,75500,76000,96590,004490,538300000000,1.684239030099833,1.011842783767498,004490,88025,11.56,0.83,6291,0.83,600
236,2022-04-29,20150,21200,20150,21150,44641,003070,533200763700,1.6156145667200204,1.0075728769429757,003070,23514,3.84,0.89,5454,2.39,500
237,2022-04-29,8900,9010,8800,8910,122464,009160,531162063250,0.8340743021012734,1.0098956676321262,009160,9786,5.5,0.91,1621,2.24,200
238,2022-04-29,27450,28100,27250,28000,55077,102460,529989297000,1.6051097507955454,1.0049399321339112,102460,13436,90.98,2.07,305,0.9,250
239,2022-04-29,12850,13100,12850,13100,86068,003850,525186370800,1.2280640762755344,1.009286979438907,003850,7192,18.72,1.79,689,0.78,100
240,2022-04-29,4000,4110,3975,4040,104549,019680,524769062400,-0.0014244313901587357,0.9875829591039371,019680,6083,0.0,0.66,0,1.98,80
241,2022-04-29,171000,172500,170000,171500,930,002840,521850000000,0.4622228912881468,1.0276407344445837,002840,59795,14.56,2.83,11641,3.54,6000
242,2022-04-29,24750,27650,24450,27200,2496998,004430,520309778400,1.2814426432792654,1.0069044803632219,004430,22636,9.27,1.23,3011,0.72,200
243,2022-04-29,52000,52500,50700,51300,10754,009970,518152496000,0.6057713379211704,0.9994253955472188,009970,140307,2.75,0.37,19026,3.82,2000
244,2022-04-29,48900,50100,48400,49500,1864,004700,509446242550,0.3687696539811513,1.0041756366036434,004700,106105,15.62,0.46,3153,0.61,300
245,2022-04-29,23150,23750,22600,22650,104648,024720,505588774720,1.4958767414602485,0.9937471689970792,024720,31792,18.97,0.7,1181,1.09,245
246,2022-04-29,3140,3195,3130,3190,1773328,092220,503960156000,1.0600275160891752,1.018937405357952,092220,1884,40.25,1.71,80,0.0,0
247,2022-04-29,7350,7350,7060,7110,350894,075580,499917332200,1.0589607715039802,1.0177707082469725,075580,2983,24.85,2.47,297,2.03,150
248,2022-04-29,7880,7900,7760,7820,32626,030610,499532279250,1.0097144664954973,0.9966572133850549,030610,21947,3.43,0.35,2255,6.46,500
249,2022-04-29,1590,1595,1540,1565,1723438,007460,497386003200,0.6927529115940304,0.9925577947043,007460,1687,0.0,0.94,0,0.0,0
250,2022-04-29,46100,46700,45350,45800,129270,036420,496467651300,1.311280906021272,1.0030988892179102,036420,9670,0.0,4.8,0,0.0,0
251,2022-04-29,4885,4960,4860,4960,202040,003520,494532621375,1.337750322176558,0.9909656316740493,003520,573,0.0,8.53,0,0.0,0
252,2022-04-29,10800,11000,10700,10950,53842,006740,493322068200,1.1365294688766263,1.0224496672797767,006740,7504,30.66,1.48,362,0.36,40
253,2022-04-29,4030,4975,3935,4600,121659282,001250,493163011875,1.4851622330404413,1.0057039780623978,001250,4013,16.24,1.15,283,0.0,0
254,2022-04-29,43850,44550,43800,44550,26753,002310,492524342600,0.7053604977288225,1.0134374802243353,002310,79766,4.36,0.56,10160,2.03,900
255,2022-04-29,9130,9160,9080,9140,160677,005440,491679634000,1.1666347707228364,0.9907112703237002,005440,20905,18.41,0.44,498,2.29,210
256,2022-04-29,12450,13000,12400,12900,638773,138490,490200000000,1.0268437653575735,1.0117506582206799,138490,5803,22.64,2.23,572,1.12,145
257,2022-04-29,863,873,861,866,993956,010050,487805500548,0.9121379546422872,1.0063881324890251,010050,686,9.58,1.27,91,2.29,20
258,2022-04-29,10400,10450,10300,10450,25091,115390,486612676600,0.9428710062248467,0.994844088769896,115390,13779,33.12,0.75,311,0.0,0
259,2022-04-29,141000,141000,138500,139500,991,107590,485375000000,0.7607380317356361,1.0128093007015648,107590,87327,9.68,1.59,14308,0.36,500
260,2022-04-29,15800,16150,15400,15900,36125,000050,480080640000,0.7908305658856644,1.0013087158795555,000050,30033,18.23,0.53,872,0.79,125
261,2022-04-29,5680,5710,5600,5690,311817,027410,480034490100,1.4308658805386627,0.9624890731588904,027410,16393,8.29,0.35,684,1.94,110
262,2022-04-29,71600,72200,69500,71000,238860,195870,477255864250,0.8156304087227774,1.0223037230210634,195870,17313,16.79,4.07,4192,0.85,600
263,2022-04-29,6090,6100,5810,5970,330999,008260,475973668800,1.389793669304331,1.006079046076414,008260,4960,7.64,1.19,771,1.27,75
264,2022-04-29,5980,6030,5910,6010,170719,006060,474278750400,1.0811922768881366,0.9913038825935938,006060,6826,0.0,0.88,0,3.11,188
265,2022-04-29,174500,175500,174000,175000,2303,004890,473622669000,0.5744242465923471,1.0139313667836878,004890,185606,8.71,0.95,20212,2.27,4000
266,2022-04-29,13150,13500,13000,13000,343571,130660,471392889000,1.0730853261928757,1.017800781901253,130660,2617,50.0,5.04,264,1.5,198
267,2022-04-29,35900,36000,35300,35500,79363,020000,470916615600,0.7477137090107088,1.002074121844428,020000,56341,6.88,0.64,5214,1.67,600
268,2022-04-29,59500,60500,59400,60400,18189,057050,458217825000,0.8367870156989864,0.9883511800487548,057050,164432,6.76,0.36,8881,4.0,2400
269,2022-04-29,7850,7950,7750,7800,634136,007660,450616951350,1.0145932296220799,1.0105561943988257,007660,1984,0.0,3.9,0,0.0,0
270,2022-04-29,29050,29400,29000,29200,156876,007810,446264200000,1.4273757366831699,1.0132566193350365,007810,14860,14.05,1.94,2053,0.0,0
271,2022-04-29,33000,33100,32800,32850,13246,029530,443371575900,0.9121295107958411,0.9922160956360657,029530,99889,3.35,0.33,9845,4.55,1500
272,2022-04-29,24950,25300,24900,25200,95437,005500,438964840800,0.8298349341977298,0.9950938247075263,005500,19034,10.85,1.32,2308,3.19,800
273,2022-04-29,2200,2260,2190,2260,652838,033180,438527428220,1.185356925297905,0.9923349845140211,033180,3088,0.0,0.74,0,0.0,0
274,2022-04-29,8400,8660,8150,8520,385981,010690,431932642830,1.8034030489907895,1.0054747921770621,010690,8760,11.9,1.01,741,0.79,70
275,2022-04-29,11200,12150,11050,11550,9577909,004250,424412625000,0.853925876802405,1.0095757411639665,004250,7686,18.83,1.53,624,0.85,100
276,2022-04-29,7870,8110,7820,7950,689700,003580,424116000000,1.2077209394820334,1.0118543840643368,003580,2559,0.0,3.01,0,0.0,0
277,2022-04-29,3895,3925,3890,3925,99855,123890,423800000000,1.1756665618454445,0.9913781866735241,123890,6940,4.53,0.57,878,5.53,220
278,2022-04-29,1905,1920,1890,1895,560969,011930,419750000000,0.8054722373255615,1.000673265498968,011930,1029,0.0,1.86,0,0.0,0
279,2022-04-29,119500,120500,117500,120500,695,058650,419150532800,1.0136798493528305,0.9978634328343072,058650,498163,9.54,0.24,12479,2.31,2750
280,2022-04-29,8490,9050,8200,8740,677549,002150,415914920000,1.3395057649246735,1.0100032531202938,002150,7976,18.74,1.06,451,3.31,280
281,2022-04-29,126000,128500,124500,127500,74313,014830,415500000000,0.9343854082960479,1.0164328508403688,014830,114016,6.1,1.12,20907,1.33,1700
282,2022-04-29,8850,8850,8710,8820,47412,003570,415056805540,0.557650786373023,1.0001004583358049,003570,29158,3.39,0.31,2666,4.42,400
283,2022-04-29,5290,5620,5240,5480,2841064,128820,414918000000,1.2938106496550097,1.0145017713084399,128820,12567,0.0,0.44,0,0.0,0
284,2022-04-29,13400,13450,13300,13450,13814,003300,414702289800,1.4416590759186942,0.9996190825968745,003300,44782,9.2,0.3,1462,4.09,550
285,2022-04-29,7210,7360,7210,7290,76164,009290,413688425250,1.0351965293369592,0.9968297305505855,009290,12151,12.44,0.6,585,1.37,100
286,2022-04-29,2570,2755,2530,2685,19503793,001470,408790497915,1.8811815541856234,0.999480691683291,001470,1670,45.85,1.62,59,0.0,0
287,2022-04-29,16600,16650,16350,16500,67211,241590,408488285850,0.870653551420247,1.0104364659710887,241590,8858,0.0,1.93,0,0.26,45
288,2022-04-29,11300,11350,11200,11300,30761,068400,404199632160,1.2280689667016704,0.9997076375853741,068400,10651,24.94,1.06,453,0.0,0
289,2022-04-29,100500,101000,97200,98300,115614,003230,402219096500,0.5639050570053101,1.0092427030965523,003230,51826,13.13,1.89,7481,1.02,1000
290,2022-04-29,48500,59000,48200,50100,709529,017940,401683301550,0.9357702709031398,0.9975053776440697,017940,226210,2.21,0.22,22789,4.37,2200
291,2022-04-29,342000,344500,340000,344000,1194,002270,399012164100,0.8943204993441735,0.9900113359477,002270,796390,0.0,0.43,0,2.92,10000
292,2022-04-29,18050,18300,17850,18200,99971,003220,397539615200,0.7613796526604077,0.9999214339921457,003220,10366,54.7,1.74,330,1.11,200
293,2022-04-29,14650,14750,14350,14650,97999,213500,394802866000,0.937173276588028,0.9957636390242218,213500,28568,25.22,0.51,575,4.14,600
294,2022-04-29,32850,33100,32700,32950,17739,002320,393501070225,0.53147592528488,1.002187062541112,002320,84534,3.03,0.39,10804,1.83,600
295,2022-04-29,9880,9990,9860,9920,49874,009410,390082246145,1.0683387929508628,1.019249271757422,009410,17753,5.15,0.56,1920,3.54,350
296,2022-04-29,38900,39050,38500,38950,11001,008490,388534954280,0.7522042562018123,1.0006993421047037,008490,34874,8.1,1.12,4829,1.28,500
297,2022-04-29,26050,26350,26000,26100,12576,081000,386421875925,1.7771657619234413,1.0206978291438504,081000,28934,43.65,0.9,598,1.53,400
298,2022-04-29,2040,2120,1980,2065,13903029,008040,385879052160,1.1399735035943606,1.00379702119235,008040,1617,128.61,1.43,18,0.0,0
299,2022-04-29,13800,13950,13250,13300,569104,136490,385569331200,1.1465350984218474,0.9944363319153167,136490,17371,7.62,0.79,1804,0.73,100
300,2022-04-29,48600,48900,48500,48900,18074,214320,385082832100,0.7174516677100776,0.995550893978134,214320,41003,14.91,1.2,3294,3.67,1800
301,2022-04-29,6620,6650,6500,6650,42848,095570,384597000000,1.3609916278592444,1.0007959513716151,095570,8075,3.9,0.82,1707,4.06,270
302,2022-04-29,10750,10850,10450,10700,508963,082740,383852902800,1.5161870433073226,1.023559827176408,082740,4476,0.0,2.39,0,0.0,0
303,2022-04-29,55700,55700,54900,55200,26657,007690,382148003790,0.8215370344836014,1.006605564589396,007690,92708,2.6,0.6,21321,3.97,2200
304,2022-04-29,14950,18300,14600,17650,27877922,117580,381522894480,0.34556952640360417,1.0173989524913123,117580,11669,41.15,1.53,435,1.4,250
305,2022-04-29,15250,15300,14650,14850,326531,000490,379655314400,1.116958513529632,1.0136842172933311,000490,16953,9.45,0.9,1619,0.52,80
306,2022-04-29,10550,10550,10300,10350,92943,002990,379161113400,1.6238885174188613,1.0016949377261077,002990,18202,2.54,0.58,4130,7.62,800
307,2022-04-29,11000,11050,10900,11000,31995,001500,378314239855,1.2419114753793743,1.0003832320517252,001500,29950,2.94,0.36,3702,7.34,800
308,2022-04-29,13850,14850,12700,12750,19158568,011700,377187595200,1.173177052599269,1.0235487062565052,011700,2791,104.14,4.96,133,0.32,45
309,2022-04-29,75100,75100,74400,75000,1056,072710,370697647500,0.7065410594138474,0.9939410447249247,072710,223666,7.05,0.33,10581,2.68,2000
310,2022-04-29,69700,70000,69000,69300,10128,001630,370446875400,0.6494652406163692,1.0001935380748717,001630,109358,21.7,0.64,3212,2.01,1400
311,2022-04-29,2400,2705,2400,2705,22530962,002780,367172530270,1.000099615758507,1.0017198751749352,002780,1166,7.33,2.31,367,0.0,0
312,2022-04-29,8900,9100,8840,8900,234762,013570,361701733500,0.6757565400458422,1.0040822439499852,013570,13963,0.0,0.64,0,1.35,120
313,2022-04-29,59300,59400,58000,59100,40616,108670,359360030000,1.6003214625946975,0.9912726519801526,108670,86527,44.64,0.67,1306,0.51,300
314,2022-04-29,13500,13500,13200,13400,31854,004970,355483058500,0.6817377943818248,0.9985715741434856,004970,35004,4.71,0.38,2804,3.79,500
315,2022-04-29,15650,16050,15200,15400,468333,077970,354337121600,1.6129161288070122,1.0081902166305792,077970,10271,7525.0,1.47,2,0.0,0
316,2022-04-29,3675,3770,3665,3665,525430,001780,353539928000,1.5807818916561303,0.997110121726828,001780,2537,85.35,1.45,43,0.0,0
317,2022-04-29,41500,44150,38650,41600,1342325,000230,352363918500,0.9057436574570984,1.0145556296039238,000230,4723,0.0,8.92,0,0.24,100
318,2022-04-29,3500,3570,3485,3545,427188,005390,350280000000,0.9823307272820078,1.0185028232930955,005390,1844,17.65,1.91,200,0.0,0
319,2022-04-29,42550,44200,40700,42000,1758432,001390,348838182000,1.1741110453691253,1.0188466270951997,001390,34343,7.1,1.19,5749,1.23,500
320,2022-04-29,42750,42750,41900,42000,25001,060980,347834250000,0.9038418669729291,0.9939082094110033,060980,102145,3.97,0.41,10531,4.78,2000
321,2022-04-29,4035,4255,4035,4130,2573597,001790,347277304000,0.8932395843349104,1.0080687793431335,001790,5313,24.36,1.01,220,2.05,110
322,2022-04-29,865,870,862,865,924519,001510,347183367300,1.2518777413161484,0.9956294320571663,001510,1446,9.41,0.6,92,1.73,15
323,2022-04-29,7320,7350,7220,7230,153183,012630,343686000000,1.52360354453061,0.9748972061223021,012630,43552,3.5,0.17,2069,3.45,250
324,2022-04-29,0,0,0,2440,0,011690,337591270500,1.2414384718632243,0.9803223324520381,011690,550,0.0,4.44,0,0.0,0
325,2022-04-29,10400,10450,10250,10400,244353,026890,337392984060,0.553647733819515,1.0152267853186718,026890,6111,6.7,1.69,1537,1.46,150
326,2022-04-29,141000,147500,135000,144500,34143,003030,335218404150,1.1156754722847988,1.009327512303156,003030,298051,3.58,0.52,43550,1.12,1750
327,2022-04-29,30150,30150,29800,30100,10065,005810,332473200000,0.781277619206484,0.998555607877392,005810,91007,1.7,0.33,17743,4.63,1400
328,2022-04-29,27450,27700,26600,26900,63727,024090,331128952650,0.05750443130466193,1.0123891588390703,024090,25636,4.93,1.06,5524,3.3,900
329,2022-04-29,35950,36250,35950,36200,4388,071320,330849997500,0.7658699219216135,0.9889288904219149,071320,157459,25.73,0.23,1399,2.21,797
330,2022-04-29,253500,254500,252500,254000,1457,002960,330200000000,0.32117262610520114,0.9923361466542546,002960,84273,11.32,3.0,22343,7.51,19000
331,2022-04-29,0,0,0,2770,0,003620,329132331000,0.7970310415696028,0.9834489184572515,003620,0,0.0,0.0,0,0.0,0
332,2022-04-29,1540,1590,1535,1585,1235098,001520,329084865280,1.246425561334811,0.9948929801261541,001520,4010,19.38,0.39,81,2.55,40
333,2022-04-29,12650,12800,12500,12700,77443,000020,327215386500,1.4071199968716162,1.005387770603754,000020,12534,19.47,1.01,647,1.43,180
334,2022-04-29,4535,4575,4510,4540,136600,001570,327031926000,0.9853579358107435,1.0093012290100054,001570,2530,15.39,1.79,295,0.0,0
335,2022-04-29,2940,2970,2940,2955,126799,095720,323640000000,0.9680059046499527,0.9856636989667842,095720,3219,7.77,0.92,381,4.39,130
336,2022-04-29,14250,14250,13950,14100,20462,000140,323600000000,1.024737388648754,1.0039951207876088,000140,23538,9.22,0.6,1529,3.19,450
337,2022-04-29,805,813,802,811,352324,003060,323244947037,0.9611489482158296,0.9786201681596356,003060,1274,40.55,0.64,20,0.0,0
338,2022-04-29,17200,17200,16800,17000,24762,019440,322294344250,0.724421286279487,0.9967635490459017,019440,39391,5.46,0.43,3130,7.02,1200
339,2022-04-29,15450,15850,15050,15700,790733,005950,320999137550,1.1834955173905197,1.0002201552330163,005950,10433,4.44,1.52,3584,3.14,500
340,2022-04-29,81000,81300,80700,80900,828,000480,318690515220,0.30265151402634566,0.9985800306305953,000480,207776,10.5,0.4,7840,5.47,4500
341,2022-04-29,13500,13500,12750,12850,117154,227840,318274535400,1.237905731431831,0.9965090128978833,227840,22443,8.86,0.57,1434,3.94,500
342,2022-04-29,3315,3385,3310,3380,146329,126560,316268733200,0.5766308378099598,0.9975752500584606,126560,6969,3.98,0.48,846,2.67,90
343,2022-04-29,10600,10700,10500,10650,1875,006370,315813287500,1.0205906071905269,0.9966185925184065,006370,30511,0.0,0.35,0,0.95,100
344,2022-04-29,5040,5170,4990,5060,769699,009580,315150000000,1.0494054014485672,1.0033501107102933,009580,9788,17.42,0.53,298,2.41,125
345,2022-04-29,16261,16847,16017,16603,873243,005420,313326792800,1.8477464898664957,1.0202242303721383,005420,5492,42.59,3.09,398,0.0,0
346,2022-04-29,17400,17550,17400,17500,7140,094280,312070047580,1.243195760700647,1.0012358959599714,094280,8676,14.31,1.99,1209,4.34,750
347,2022-04-29,53300,53300,51700,51900,37593,058430,311400000000,1.4038447907299758,1.0085987584505256,058430,53623,3.05,0.97,17070,1.92,1000
348,2022-04-29,9220,9250,8960,9030,280748,005870,309928824800,1.2415738569400254,0.9951343245180175,005870,10174,9.56,0.93,994,0.0,0
349,2022-04-29,9150,9320,9150,9170,34179,053210,308940885000,0.7443567345191513,0.9905602706986714,053210,16643,7.24,0.55,1266,3.82,350
350,2022-04-29,30350,31150,30300,30800,26633,068290,308000000000,1.1111280759396207,1.0182598572346406,068290,18982,95.25,1.59,316,0.66,200
351,2022-04-29,12000,12600,11750,12550,449088,035150,305027750000,0.9429967202950938,1.0061445964940858,035150,6016,15.93,2.11,797,0.79,100
352,2022-04-29,14700,14850,14550,14800,23894,079430,303922173600,1.3074984247169443,0.9891670869007476,079430,24314,21.83,0.6,671,0.68,100
353,2022-04-29,11000,11250,10800,11000,44814,023800,303030000000,1.9072802819390844,1.0120857615252692,023800,12678,50.64,0.93,234,1.27,150
354,2022-04-29,2430,2450,2380,2430,1914573,018470,302255181200,0.8408920721646592,1.0088526077478053,018470,1361,15.22,1.8,161,0.0,0
355,2022-04-29,49600,49900,49400,49750,1198,001070,301665000000,0.45148745157260606,1.0172397065412573,001070,38608,114.67,1.29,433,0.0,0
356,2022-04-29,8350,8400,8320,8400,26023,002210,298668666100,1.7980062990777284,1.011639524272577,002210,2008,0.0,4.15,0,0.0,0
357,2022-04-29,4320,4320,4200,4215,794478,011150,298447037100,0.7708130505606084,1.0040364814360498,011150,1857,70.66,2.32,61,0.0,0
358,2022-04-29,2985,3050,2965,3010,3482925,008350,297521893200,0.0053355694032343965,1.0148221841808742,008350,2135,7.85,1.39,377,0.0,0
359,2022-04-29,2145,2145,2090,2120,990556,012800,296056342400,1.2058358532561064,1.0109951051977144,012800,3187,6.29,0.67,338,1.41,30
360,2022-04-29,36400,36950,36350,36900,4929,037710,295200000000,0.7393347292363674,0.9945237297186942,037710,93727,5.59,0.39,6584,4.62,1700
361,2022-04-29,27850,28100,27650,28000,19964,002020,294712800000,1.5462218303259643,0.9867064494306141,002020,64159,2.73,0.43,10125,1.99,550
362,2022-04-29,1210,1230,1205,1215,92244,001290,293498285230,0.9982297827770606,0.9997144360770912,001290,2041,12.63,0.59,95,0.0,0
363,2022-04-29,1220,1240,1215,1230,507876,000300,292437291750,0.6497300442202255,1.002325291321401,000300,857,0.0,1.46,0,0.0,0
364,2022-04-29,24700,24900,24450,24850,34663,007570,291463599000,0.21381379148102642,0.9927944722743232,007570,12017,31.01,2.04,790,0.82,200
365,2022-04-29,13000,13000,12650,12800,13575,006660,290783963950,0.9872395790922803,1.0013566801165212,006660,27193,0.0,0.48,0,0.61,80
366,2022-04-29,13250,13400,13200,13350,51200,005960,289850000000,1.3237860352182862,1.0017784084134984,005960,24388,2.58,0.54,5103,6.84,900
367,2022-04-29,126500,127500,126000,127500,330,003830,288720000000,0.9880424029070612,1.003401195407593,003830,660594,5.85,0.19,21701,0.59,750
368,2022-04-29,12050,12400,11950,12300,76869,004360,287700000000,1.0712424432051986,0.996153404482781,004360,40513,5.21,0.3,2342,1.64,200
369,2022-04-29,2300,2320,2295,2300,527019,014160,285374643610,1.3421171357162058,1.0144412875572821,014160,1622,23.71,1.42,97,0.0,0
370,2022-04-29,20500,20550,20000,20300,67484,028100,285268713800,1.3453432056141474,1.0071357277294244,028100,18086,49.51,1.13,412,1.72,350
371,2022-04-29,4655,4725,4635,4720,161223,030210,284682514240,1.362421604807587,1.0062128287868568,030210,10191,1.76,0.46,2669,5.33,250
372,2022-04-29,6740,6850,6680,6840,8032,016450,283966342410,1.1805968421727338,0.993607438205288,016450,12066,6.74,0.57,1026,3.61,250
373,2022-04-29,17450,17800,17350,17400,5839,036530,283687616400,0.5588430176073669,1.0021874577917522,036530,65710,3.33,0.27,5329,3.94,700
374,2022-04-29,16500,16650,16150,16400,133605,035510,282080000000,0.8922399733412493,1.01314755455518,035510,21018,5.36,0.8,3144,1.48,250
375,2022-04-29,73000,73000,72200,72600,9879,031440,281142048000,1.1509066993074808,0.9873855574001311,031440,73553,116.99,0.99,624,1.03,750
376,2022-04-29,8480,8580,8450,8530,61115,000520,278962676640,0.8592316155323106,1.0127311351309014,000520,5254,0.0,1.68,0,0.91,80
377,2022-04-29,26000,26250,25900,26050,8248,009470,278474566660,1.2025529640258104,1.0246029101540006,009470,9852,12.29,2.66,2131,1.15,300
378,2022-04-29,86500,86500,84600,85000,2733,003120,278400000000,0.3972709850225535,0.9926284476750102,003120,225529,0.0,0.38,0,0.88,750
379,2022-04-29,5470,5570,5470,5510,281421,001340,278265982500,1.283990312273323,1.011436852209679,001340,4293,16.88,1.33,337,0.88,50
380,2022-04-29,11850,12000,11800,12000,108108,044450,277030560000,0.6848526213792366,1.0058627894116248,044450,15261,4.77,0.78,2497,2.94,350
381,2022-04-29,4705,4845,4570,4745,1053822,003480,275997385100,0.5818546299244486,0.9986358432652997,003480,12363,0.0,0.39,0,2.06,100
382,2022-04-29,3565,3590,3565,3580,101566,003470,273169776600,1.4065300709404882,1.0009092944747893,003470,7421,4.94,0.48,719,5.07,180
383,2022-04-29,5510,5570,5360,5500,264604,092200,270377344000,1.9242521511310715,0.9920233774772447,092200,2400,7.03,2.2,753,0.0,0
384,2022-04-29,401000,409000,400000,406000,1359,003920,270351776500,0.8187216869373843,0.9874348455043896,003920,960522,0.0,0.42,0,0.25,1000
385,2022-04-29,9310,9530,9310,9480,100688,033920,270180000000,1.1841590052988984,0.9853367366028183,033920,18822,0.0,0.5,0,2.45,230
386,2022-04-29,2680,2840,2680,2830,1910927,016090,269200000000,1.0704547283550276,0.9979022994973058,016090,4991,6.44,0.56,435,3.21,90
387,2022-04-29,7660,7790,7660,7760,39292,079980,267720000000,1.3094380782927364,1.000413239805816,079980,14188,69.46,0.54,111,3.89,300
388,2022-04-29,5420,5540,5250,5380,3776838,013360,267144274950,1.9565592061081918,1.0204702773816772,013360,2021,54.08,2.62,98,0.57,30
389,2022-04-29,7630,7700,7260,7270,1335567,036580,267012145610,1.1630136491415386,0.9908107990916959,036580,8484,84.66,0.88,88,1.34,100
390,2022-04-29,0,0,0,3585,0,012200,265800772350,1.3949632275766763,0.9929525070928472,012200,5389,0.0,0.67,0,0.98,35
391,2022-04-29,10750,10750,10300,10450,295564,000970,265000000000,1.148959362950384,1.0020711907901523,000970,15753,3.45,0.67,3055,3.79,400
392,2022-04-29,2730,2780,2715,2725,493263,084680,264545966750,0.6303640677539842,1.0045925104136055,084680,1689,0.0,1.64,0,0.0,0
393,2022-04-29,12050,12600,11900,12250,781482,002710,264077356400,1.5775151733489048,1.0263221324862106,002710,6507,9.94,1.9,1242,1.21,150
394,2022-04-29,53800,54500,53400,54500,2633,025000,263780000000,0.7009843135245173,0.9980694244987066,025000,119120,5.31,0.45,10123,5.11,2750
395,2022-04-29,15200,15400,14850,15300,126797,183190,262881374000,1.4256486968443032,1.0109224187117758,183190,23262,6.23,0.65,2431,1.49,225
396,2022-04-29,2660,2660,2600,2630,188264,007980,262648662500,1.3960827267771017,0.993307047653554,007980,3585,0.0,0.73,0,0.0,0
397,2022-04-29,13600,13750,13550,13700,13209,001750,261602505000,0.9789014767935935,1.0104094031098176,001750,32750,2.2,0.42,6206,6.59,900
398,2022-04-29,26200,26950,26150,26300,14439,000500,260182712250,1.1851031153646419,1.00149167715576,000500,68205,17.56,0.38,1489,1.61,420
399,2022-04-29,4765,4875,4750,4805,289121,004540,260109489750,1.0000144973326854,0.9994542114122262,004540,6103,21.8,0.8,225,0.0,0
400,2022-04-29,9950,9990,9920,9980,1078,039570,259056857980,1.3044770419032865,0.9931493293641098,039570,11102,16.83,0.9,593,4.51,450
401,2022-04-29,56400,56500,54600,56000,12674,007160,257100000000,1.4786154815387673,0.9964547457157946,007160,90026,6.2,0.62,9031,0.54,300
402,2022-04-29,22050,22150,21900,22000,9457,002390,256486480000,0.8648054049420608,0.9991152278866401,002390,27900,94.14,0.81,239,1.56,350
403,2022-04-29,13150,13300,13000,13000,6556,002620,254975000000,1.9841243757649247,0.9785878752702162,002620,26821,0.0,0.49,0,0.49,65
404,2022-04-29,8890,8920,8710,8730,65951,101530,254189856060,0.7674110349707705,0.9861969077141487,101530,9762,0.0,0.93,0,2.21,200
405,2022-04-29,1200,1215,1185,1205,869084,002880,254179054950,0.7917608239519712,0.9965798201714418,002880,822,0.0,1.47,0,0.0,0
406,2022-04-29,5220,5250,5160,5250,58820,070960,252699998250,1.6459442817295191,0.9912044447166902,070960,8025,29.44,0.66,180,0.0,0
407,2022-04-29,116500,120000,114000,115000,23160,011390,251756376200,0.7700933859416678,1.0148814743756909,011390,52585,0.0,2.22,0,0.21,250
408,2022-04-29,5820,5860,5770,5790,32765,013870,251475353680,1.2340232882815594,1.0011012138267321,013870,12569,11.49,0.47,511,1.36,80
409,2022-04-29,179000,181500,178000,178500,7920,001130,250432746900,0.7552804242492258,1.0002351044024014,001130,534606,3.62,0.36,52446,1.32,2500
410,2022-04-29,1805,1845,1795,1845,681191,007110,249250000000,1.5330151183363954,1.0044915497919862,007110,675,0.0,2.73,0,0.0,0
411,2022-04-29,10800,10850,10700,10750,62793,122900,247890419440,0.4802683566292846,0.9964586474218173,122900,11569,8.86,0.93,1213,5.58,600
412,2022-04-29,453,520,453,460,11823328,015590,247724364660,1.0577152994158874,0.9981517638297024,015590,424,0.0,1.15,0,0.0,0
413,2022-04-29,4865,4870,4830,4865,17901,102260,241740526720,1.0901920481681096,0.996678155944005,102260,6992,13.09,0.69,371,4.12,200
414,2022-04-29,2795,2850,2780,2790,243013,006490,237540000000,1.0804762166462372,1.0075185942760225,006490,604,55.8,4.62,50,0.0,0
415,2022-04-29,10800,10850,10700,10800,40070,005680,236664378340,0.9617888229251316,0.9969147155800822,005680,25588,12.69,0.42,851,2.78,300
416,2022-04-29,77000,78700,76700,78000,12408,007340,236358218250,0.2522763280153988,1.011062981453614,007340,82507,8.18,0.93,9379,2.61,2000
417,2022-04-29,449000,456500,449000,455000,207,001460,233391220050,0.6462366454287276,1.0033623661919515,001460,577324,12.72,0.79,35764,0.33,1500
418,2022-04-29,9810,9910,9680,9720,138923,083420,233280000000,1.681770469618103,1.016514066647968,083420,5290,14.26,1.84,683,2.26,220
419,2022-04-29,898,912,880,886,34097863,102280,232656626294,0.8923528681318489,0.9941480224278905,102280,869,0.0,1.05,0,0.0,0
420,2022-04-29,5180,5180,5100,5120,63478,004310,227842542000,1.2791429926821982,1.0024873051891858,004310,3106,0.0,1.65,0,0.59,30
421,2022-04-29,24300,24650,24250,24400,1895,001270,226837955350,0.5384026971500784,1.004399472385557,001270,74017,2.85,0.33,8672,6.48,1600
422,2022-04-29,7400,7660,7050,7220,6950055,002140,226295409900,1.6570677918898655,1.0096822067201805,002140,4323,40.38,1.71,183,0.54,40
423,2022-04-29,4485,4540,4420,4435,142566,011810,225314804960,1.563913011725511,0.9705618136046357,011810,2337,0.0,1.88,0,0.0,0
424,2022-04-29,11200,11300,11100,11200,131498,090350,224000000000,1.5745390209672856,1.0053328961747945,090350,16859,15.93,0.67,706,2.44,275
425,2022-04-29,1730,1740,1720,1735,78393,002450,222828302250,1.2011743148677725,0.9962400654697869,002450,3074,5.88,0.56,294,2.89,50
426,2022-04-29,3350,3390,3280,3340,24289,023000,222737000000,0.9250425837720768,0.9985674791279774,023000,5504,15.09,0.61,222,3.13,105
427,2022-04-29,7030,7060,6820,6830,785261,014710,221851401860,1.139762991253604,1.0004201747325239,014710,13357,12.41,0.53,572,0.85,60
428,2022-04-29,8420,8600,8370,8520,21146,004910,221578943300,1.208607428231713,0.9956008917567465,004910,17256,0.0,0.48,0,1.2,100
429,2022-04-29,6900,8080,6690,7040,8502742,214420,221417875170,1.9014648321686305,0.9827533875849719,214420,3829,0.0,1.78,0,0.0,0
430,2022-04-29,18300,18350,17800,18150,125221,004560,220915960640,1.6533491136484226,1.0059688860177134,004560,32770,3.97,0.56,4595,0.55,100
431,2022-04-29,9080,9140,9080,9100,9886,009680,217563885050,0.9817217702867724,0.9994418468242281,009680,19169,16.51,0.47,548,4.42,400
432,2022-04-29,4960,4960,4685,4865,491023,015230,217200000000,0.8917201477788806,1.0048556277975453,015230,8239,4.74,0.59,1029,2.77,135
433,2022-04-29,16150,16500,16050,16200,173720,011500,216955042400,0.9319219098912964,1.0175021051548998,011500,9658,12.5,1.67,1288,1.43,230
434,2022-04-29,3855,4025,3835,3885,573694,074610,216787864020,1.788911815176146,1.0043178065662837,074610,1405,0.0,2.78,0,0.0,0
435,2022-04-29,981,996,965,966,3120463,000890,216376745000,0.5614391403232413,0.9959139969387755,000890,611,0.0,1.63,0,0.0,0
436,2022-04-29,49000,49450,48250,49000,6070,005430,215000000000,1.195769847810492,1.002853359739466,005430,94851,46.0,0.52,1063,0.0,0
437,2022-04-29,990,1010,978,988,1238782,091090,213887129500,0.8806443871855688,0.9956937542610022,091090,1166,0.0,0.84,0,0.0,0
438,2022-04-29,16300,16500,16300,16450,5012,004080,211991804000,-0.223156366769434,1.006577879323692,004080,10783,11.64,1.53,1418,1.33,220
439,2022-04-29,11300,11500,10550,10600,1428456,084690,211535318150,0.9318176468747688,1.001428354209541,084690,19055,7.38,0.56,1450,2.24,240
440,2022-04-29,11400,11400,11000,11150,61689,006090,210443469700,1.2972861816008763,0.9977676325517679,006090,20876,6.75,0.54,1674,1.77,200
441,2022-04-29,14300,14300,14100,14150,10816,002810,210140000000,0.5403308716979335,0.9972472183826134,002810,23697,6.25,0.6,2288,3.85,550
442,2022-04-29,3735,3740,3685,3740,63565,100250,209048392080,0.46778888084796466,1.0021897638557626,100250,5936,20.55,0.63,183,4.52,170
443,2022-04-29,5590,5670,5550,5630,293937,103590,208762595700,1.6909356498607222,1.0023343063634593,103590,8714,14.19,0.66,403,1.75,100
444,2022-04-29,7990,8040,7920,7980,36675,007590,208735813160,0.7411916802091305,1.0017157599920306,007590,11814,14.25,0.69,570,4.31,350
445,2022-04-29,7420,8430,7400,7650,613775,078520,206805961350,1.306436943610016,0.9785478568069894,078520,5784,0.0,1.31,0,0.0,0
446,2022-04-29,6620,6690,6530,6660,541213,155660,206701815500,1.1484058697104191,0.9942732903957051,155660,10991,8.85,0.62,768,0.74,50
447,2022-04-29,5510,5610,5400,5560,400526,015860,202847525000,1.9972016129607795,1.0028223084948549,015860,9069,13.02,0.63,437,2.64,150
448,2022-04-29,0,0,0,177,0,093230,202268500000,1.7498820980360101,0.98597761152001,093230,267,29.5,0.66,6,0.0,0
449,2022-04-29,17700,17800,17400,17800,37471,004960,201600000000,1.2275221408977168,0.9994929433100068,004960,58000,4.31,0.31,4187,1.94,350
450,2022-04-29,14750,15300,14500,14850,396411,210540,200578555400,1.701500154034186,1.003697844638101,210540,20476,5.31,0.73,2814,2.01,300
451,2022-04-29,7190,7290,7180,7190,53386,033530,200032709590,1.4908125673328292,0.9955783279825039,033530,14814,0.0,0.48,0,1.4,100
452,2022-04-29,3435,3795,3400,3645,8859232,009200,198783131040,0.9970864838652639,1.0048292024638006,009200,9473,0.0,0.38,0,0.69,25
453,2022-04-29,12050,12150,11800,12050,21001,000320,198710000000,1.1368157138056478,0.9964123404197839,000320,35333,79.08,0.34,153,3.72,450
454,2022-04-29,36300,36800,36300,36500,944,016800,197971331250,0.3306518781314906,1.0024054741883794,016800,54249,7.44,0.67,4917,3.01,1100
455,2022-04-29,9900,10200,9720,9720,662652,105840,197545528080,0.7401962563521645,1.0083552664802284,105840,7106,0.0,1.37,0,1.03,100
456,2022-04-29,35600,35800,35250,35700,8975,063160,195848843400,1.8541252497873353,1.0084133429425424,063160,29437,0.0,1.2,0,0.28,100
457,2022-04-29,2625,2635,2615,2630,3496,003460,195278401740,0.31491222589458423,0.9976431355545204,003460,8013,16.57,0.32,156,5.03,130
458,2022-04-29,1800,1900,1795,1835,2060275,010600,192486147300,0.7009542967306932,0.9977939523765482,010600,559,0.0,3.27,0,0.0,0
459,2022-04-29,16350,19800,16050,18450,11370034,004090,189248616870,0.8986722234829786,1.020173926010277,004090,12581,19.34,1.42,923,0.62,110
460,2022-04-29,3965,4085,3885,3945,436555,012690,188660832930,0.773856863685624,0.9932022072538943,012690,2058,44.49,1.92,89,0.0,0
461,2022-04-29,3480,3665,3480,3545,419256,129260,188100000000,1.9071184849971763,1.0020505826732253,129260,7246,6.94,0.5,519,2.78,100
462,2022-04-29,1495,1555,1495,1515,3566523,214330,187866000000,0.8128442953128512,0.9936594995957956,214330,1855,0.0,0.81,0,0.0,0
463,2022-04-29,61000,61600,60900,61300,387,023450,186298537950,0.35538827841228693,1.0171733153554867,023450,12909,18.65,4.73,3271,7.05,4300
464,2022-04-29,2165,2200,2160,2195,433567,009460,182541432000,-0.45050542959060297,1.0112022641845568,009460,1819,8.83,1.22,252,0.9,20
465,2022-04-29,25000,25000,24050,24300,100948,001550,182018036200,1.1467546170359455,1.0102228923619347,001550,10258,70.31,2.45,357,0.0,0
466,2022-04-29,156500,158500,155500,158500,1276,002030,179400000000,0.9366692848495176,1.0079939585232935,002030,491013,2.81,0.32,56785,1.88,3000
467,2022-04-29,5610,5690,5390,5400,1151015,008420,177387086000,1.729290628481795,1.0088115625394243,008420,7298,4.14,0.73,1295,1.4,75
468,2022-04-29,7960,8010,7930,7990,92883,229640,172681210800,0.7108889929561131,1.0030391300740598,229640,5107,16.46,1.57,486,3.0,240
469,2022-04-29,12200,13100,11150,11350,2234187,006880,171680000000,0.7479654472611043,1.0103749667659314,006880,8722,18.26,1.4,668,0.98,120
470,2022-04-29,3865,3980,3825,3950,983465,007210,170375923200,2.0621290056070407,1.000492557001278,007210,4049,0.0,0.96,0,0.26,10
471,2022-04-29,2995,3050,2980,3030,431500,004270,169280000000,0.3536981740588775,1.005311307089355,004270,3790,14.25,0.85,226,0.78,25
472,2022-04-29,3710,3765,3700,3755,37008,017180,168973560190,0.7841520119777621,0.9965006015367949,017180,2374,0.0,1.58,0,0.0,0
473,2022-04-29,3810,4000,3780,3855,527661,000680,167700000000,1.3718145450176715,1.0036394215953914,000680,7533,4.66,0.51,818,0.0,0
474,2022-04-29,9980,10050,9800,9820,233045,032560,166940000000,1.561681922838137,1.005643434477277,032560,17464,5.56,0.56,1756,2.05,200
475,2022-04-29,11150,11250,11100,11200,10261,004440,166838304640,1.3445579920631048,0.9929720674850906,004440,21552,0.0,0.52,0,0.0,0
476,2022-04-29,3505,3550,3225,3405,13157650,017550,166588318625,2.299750542865235,1.0110595619254783,017550,2261,16.16,1.51,211,0.29,10
477,2022-04-29,4395,4425,4370,4405,16176,092440,166508308185,0.7197061505279936,0.9994237933352216,092440,8360,13.42,0.54,335,3.34,150
478,2022-04-29,25400,25650,25200,25400,51581,006110,166179702780,1.0880530515050686,1.0302657608859784,006110,11093,22.76,2.27,1105,0.8,200
479,2022-04-29,5420,5480,5110,5350,930116,002220,166125959580,0.9208486668811537,1.014169235981503,002220,7201,5.23,0.77,1055,0.91,50
480,2022-04-29,10400,10600,10100,10550,297660,003780,166000000000,0.6074474666705019,1.0181522413749697,003780,3652,21.49,2.81,477,1.71,175
481,2022-04-29,7490,7510,7420,7450,78147,000220,164810272400,1.3472686143669304,1.0072767688180504,000220,6458,0.0,1.16,0,1.4,105
482,2022-04-29,2015,2080,1990,2035,2426832,006340,164200000000,1.577439739018049,1.0078229345039067,006340,1190,113.06,1.71,18,0.0,0
483,2022-04-29,3050,3170,3015,3150,189132,069460,163811084850,1.1674824626283635,1.0154965144352877,069460,1368,0.0,2.27,0,0.0,0
484,2022-04-29,1190,1520,1120,1520,121375610,002360,161597683275,1.08832403247852,1.0001100174519986,002360,835,258.33,1.86,6,0.65,10
485,2022-04-29,210000,212000,208500,209000,142,002600,159856922250,0.8610235508458847,0.9984055215842674,002600,242899,7.82,0.86,26792,3.1,6500
486,2022-04-29,729,743,724,741,1233452,004060,158650000000,1.084219741584617,0.9925582503175506,004060,1207,3.22,0.62,232,0.0,0
487,2022-04-29,6480,6490,6290,6310,252470,009070,158336132000,1.8496865171819104,1.0117535813580258,009070,7431,9.21,0.84,681,0.96,60
488,2022-04-29,2285,2315,2280,2295,93220,005320,158001114500,1.382977524012534,0.9886582351504746,005320,1901,0.0,1.21,0,0.0,0
489,2022-04-29,2940,2975,2880,2910,1137618,000180,157903400070,1.3326643867164725,0.9996879828330459,000180,8360,31.22,0.35,94,0.0,0
490,2022-04-29,36750,37500,36650,37250,4589,015360,157390672070,0.4178701633461619,1.0001799549597885,015360,114939,7.4,0.33,5064,6.01,2250
491,2022-04-29,2790,2890,2790,2855,76770,024890,154234858050,1.1552746726672565,1.00105480672748,024890,1742,0.0,1.66,0,0.0,0
492,2022-04-29,4530,4610,4370,4375,2516055,009180,154085505560,1.5912607240303587,1.0121480357156314,009180,2859,5.04,1.51,855,1.39,60
493,2022-04-29,3130,3210,3050,3205,126837,003720,154050000000,0.9953071694546585,1.0106737178231973,003720,1434,31.18,2.22,102,0.0,0
494,2022-04-29,14950,15050,14700,15050,27748,234080,153417162500,0.8415404201996641,1.0013256971449098,234080,8492,18.09,1.77,829,3.33,500
495,2022-04-29,4540,4590,4495,4560,455182,025820,152495520000,1.4704198964791908,1.013746761320707,025820,3669,7.19,1.23,630,1.1,50
496,2022-04-29,7370,7520,7350,7490,15861,163560,152440384680,1.5112592621504897,0.9965479585847133,163560,14643,17.39,0.52,436,1.06,80
497,2022-04-29,341,346,333,343,14723892,004410,151510169300,1.3958026889454864,1.0122710958043406,004410,69,0.0,5.03,0,0.0,0
498,2022-04-29,33250,33750,32500,32800,135106,003960,151009020160,1.064823936307747,1.010573657946051,003960,57550,3.99,0.59,8528,0.88,300
499,2022-04-29,3950,4000,3905,3950,86443,000540,150782091480,0.833031419620393,0.999915828279537,000540,10599,4.56,0.38,873,0.0,0
500,2022-04-29,15900,16000,15650,15950,71792,006890,150653106450,1.6808475731402648,1.0192521031329298,006890,12420,16.98,1.32,963,1.35,220
501,2022-04-29,4685,4720,4675,4715,19771,089470,150408500000,1.563125834201621,0.9915188745551182,089470,10379,13.19,0.45,356,2.98,140
502,2022-04-29,3575,3665,3550,3635,210869,067830,149183653325,0.8278943867255429,0.9940184487242939,067830,12126,18.73,0.3,197,0.81,30
503,2022-04-29,3270,3345,3240,3320,844013,004770,148960000000,0.7264260572649726,0.9965907254232031,004770,1956,26.59,1.75,129,0.0,0
504,2022-04-29,122000,124000,121000,123000,4645,003200,148843839375,0.954273839541501,1.0006919014352238,003200,341544,4.47,0.36,27763,2.42,3000
505,2022-04-29,2240,2340,2230,2340,2753671,011090,148753400220,1.7279545483007044,0.9994743322494809,011090,1120,13.39,2.08,174,0.0,0
506,2022-04-29,13700,13700,13450,13500,55497,053690,147926925000,1.2414838381227618,1.0045192777761471,053690,14014,8.95,0.98,1537,3.27,450
507,2022-04-29,3435,3455,3415,3415,180155,004140,147660148155,1.5746489624850282,1.0105627375865338,004140,2706,0.0,1.25,0,0.0,0
508,2022-04-29,13450,13500,13100,13250,181865,008250,147576603720,1.3643912873855233,1.0043696832137883,008250,17759,11.96,0.73,1091,1.53,200
509,2022-04-29,1950,1960,1915,1945,348427,009810,147430752580,0.09493992837020684,1.0061293742834094,009810,577,0.0,3.28,0,0.0,0
510,2022-04-29,5300,5330,5180,5190,107609,071970,147219415440,1.40662838246099,0.9441863217097193,071970,5428,0.0,0.94,0,0.0,0
511,2022-04-29,7030,7030,6910,6910,142279,004710,146877119090,1.3943050860606034,0.9881929629133523,004710,8848,0.0,0.77,0,0.0,0
512,2022-04-29,5760,5930,5710,5900,71070,002720,146169524780,1.0986647781470935,1.0075326868712222,002720,3565,0.0,1.67,0,0.0,0
513,2022-04-29,2345,2400,2325,2380,1188590,008700,145040053800,1.4857345161978277,0.9927403124666265,008700,1016,14.36,2.43,172,0.0,0
514,2022-04-29,1815,1820,1785,1800,842827,025750,145017268200,1.2457137850203919,1.0013503953393321,025750,1984,26.76,0.92,68,1.1,20
515,2022-04-29,829,845,819,845,185622,090370,144489581280,0.8806587158295047,0.9747325338360422,090370,704,0.0,1.2,0,0.0,0
516,2022-04-29,120000,123000,119500,121000,2766,120030,142683840000,0.699288571668133,1.0079365018950053,120030,124685,8.57,0.97,14114,1.24,1500
517,2022-04-29,3290,3420,3265,3280,411996,024900,142131202400,1.4565214869601437,1.0130688358271598,024900,1711,16.99,1.9,191,0.0,0
518,2022-04-29,10300,10350,10000,10100,225318,014280,140523762600,1.1013887673673068,1.0049282588807003,014280,11309,13.01,0.88,762,1.01,100
519,2022-04-29,7890,7900,7810,7860,96789,008060,140193728000,0.7257738501838172,0.9971555139204609,008060,16976,0.0,0.46,0,3.81,300
520,2022-04-29,22250,22600,21650,22300,143930,084010,138877751935,1.3948568704525357,1.0132049752338061,084010,30114,3.4,0.74,6563,1.79,400
521,2022-04-29,4440,4520,4440,4515,7870,005720,138822694450,1.0684916956738457,0.9900035002787732,005720,19877,8.71,0.23,521,2.2,100
522,2022-04-29,33900,34700,33850,34700,14876,034300,138800000000,1.4158673187019224,0.9993409975977613,034300,56534,5.41,0.63,6539,2.4,850
523,2022-04-29,5090,5190,5050,5170,62643,010960,138580690710,1.236923074959168,1.002021602194444,010960,9871,8.39,0.53,621,3.65,190
524,2022-04-29,2765,2855,2760,2820,549807,017040,138530092320,1.3937237594529412,0.9992773956684571,017040,2486,21.16,1.14,134,0.35,10
525,2022-04-29,13250,13400,12950,13250,230316,004980,138333904750,1.4481601984326633,1.0107638904171958,004980,16637,50.57,0.79,261,1.52,200
526,2022-04-29,3770,3835,3745,3825,139497,016740,137474577600,1.372332633032274,1.0039849556907479,016740,5970,7.74,0.64,492,2.1,80
527,2022-04-29,17750,20250,17750,18300,372841,100840,137372811300,0.7963734091254293,1.0003842491204789,100840,37171,11.22,0.59,1957,3.64,800
528,2022-04-29,6940,7140,6830,6840,2692222,071090,136796169600,1.327572810586774,1.0184788644360523,071090,6894,11.93,1.0,576,0.58,40
529,2022-04-29,2670,2690,2670,2675,67785,017900,136691500000,1.0438787749502259,1.0013974426877166,017900,4165,12.21,0.64,219,1.87,50
530,2022-04-29,13750,14550,13650,14200,31247,044820,136375678200,1.6582920292818548,0.9850305207427944,044820,32252,9.6,0.44,1479,1.83,260
531,2022-04-29,26900,27850,26900,27550,9182,001080,136131843900,0.9993055037125556,1.005949250911255,001080,76621,94.66,0.36,290,0.73,200
532,2022-04-29,2965,3075,2960,2975,985485,007280,136025340000,1.6423182072290299,1.0082699851414263,007280,2667,4.32,1.12,691,0.0,0
533,2022-04-29,23450,24500,23000,24050,220201,005010,134985535560,1.0543783294763738,1.0065554281712632,005010,79922,5.15,0.32,4934,3.15,800
534,2022-04-29,12800,12950,12650,12700,31677,001260,134857359065,2.0763195479686454,1.0079012310652076,001260,8935,5.75,1.42,2208,0.0,0
535,2022-04-29,37950,37950,36950,37200,32355,013580,134553794400,1.391174821810993,1.0125516161916766,013580,78914,2.11,0.47,17601,2.15,800
536,2022-04-29,8420,8900,8390,8750,398145,003160,133240800000,1.3933351906836686,1.0033013427564772,003160,5534,15.25,1.63,592,2.21,200
537,2022-04-29,2460,2530,2430,2490,139603,101140,132958081800,0.47325617758049093,1.0039969371531083,101140,2607,1.43,0.96,1753,0.0,0
538,2022-04-29,7030,7130,6960,7040,298141,012610,132753655650,1.018812899024304,1.0076932471385869,012610,5553,12.36,1.31,589,0.69,50
539,2022-04-29,0,0,0,1530,0,010580,130556867900,0.36476908225582594,0.980333599710344,010580,494,0.0,3.1,0,0.0,0
540,2022-04-29,5540,5560,5330,5500,459901,014790,130289368800,1.8168219123459626,1.003239003484673,014790,8822,4.84,0.62,1122,1.84,100
541,2022-04-29,4535,4930,4475,4670,5194890,014530,130192232000,0.7517721517458971,1.0039559466156247,014530,5350,13.51,0.86,339,3.49,160
542,2022-04-29,2010,2010,1970,1990,217831,020760,129400000000,1.94960992804596,0.9858553879604531,020760,268,0.0,7.5,0,0.0,0
543,2022-04-29,7870,8000,7840,7960,62569,005750,129150000000,1.3346365387920853,1.0003812836979242,005750,9477,124.09,0.86,66,1.59,130
544,2022-04-29,3860,3965,3800,3805,1299656,010820,128750000000,1.2475543165240477,0.9989194678240911,010820,906,49.69,4.44,81,0.0,0
545,2022-04-29,64200,64400,63200,64000,1430,092230,128626000000,0.7539116849407526,1.0003953535752543,092230,208904,5.53,0.31,11573,4.69,3000
546,2022-04-29,2015,2020,1950,2020,1802543,027740,128292680560,0.6188177094213205,0.9886985785295296,027740,745,0.0,2.93,0,0.0,0
547,2022-04-29,10450,10650,10300,10400,91414,005740,128209525600,1.0311940448787302,0.9815704905362672,005740,18951,35.2,0.55,294,0.97,100
548,2022-04-29,6460,6560,6460,6500,50995,016610,127472051400,1.1391437078057827,1.0095723667267298,016610,22133,2.3,0.29,2831,7.68,500
549,2022-04-29,4190,4270,4155,4260,25500,009440,126793407750,1.2806565530314569,0.9916861272365115,009440,7257,34.92,0.59,122,1.64,70
550,2022-04-29,6080,6120,6060,6100,19395,000700,123766408468,0.8995167349680433,0.9977089388647594,000700,13108,6.24,0.47,991,6.47,400
551,2022-04-29,2950,2955,2900,2935,152976,047400,123270000000,1.0906039071044358,0.999746434699162,047400,1997,228.46,1.49,13,1.18,35
552,2022-04-29,18650,18700,18150,18550,91943,011760,122786037660,1.246880104657241,0.9980139852436956,011760,30061,5.8,0.61,3146,3.29,600
553,2022-04-29,1695,1710,1670,1695,174534,016880,122645450450,0.8793357109067881,0.9955130224466762,016880,762,5.83,2.21,289,0.0,0
554,2022-04-29,34000,40000,33250,33650,1132835,003350,122401070740,1.5489979251978119,1.0031880215559152,003350,11859,0.0,2.79,0,0.0,0
555,2022-04-29,27500,28500,27100,27900,46978,034590,122055636600,0.195433267419632,0.9986255949661037,034590,46433,31.08,0.6,901,4.46,1250
556,2022-04-29,7950,8050,7860,8050,57176,004720,120737963115,0.8351218389401264,0.9883106407476518,004720,8356,3.62,0.96,2206,0.0,0
557,2022-04-29,2260,2310,2260,2290,1123898,002700,120099500000,0.38429501568910823,1.001564271570295,002700,1175,20.26,1.97,114,1.08,25
558,2022-04-29,13100,13350,12950,13150,8256,005800,119986127500,0.5586314367219034,0.9966323912675299,005800,35880,18.24,0.37,721,1.14,150
559,2022-04-29,976,992,972,989,535656,031820,119719899874,0.7729067618954896,0.9987668318688128,031820,1158,35.21,0.85,28,0.0,0
560,2022-04-29,71600,71700,71000,71300,178,134380,119664185875,0.5427603393293952,1.0010372660558737,134380,58718,12.73,1.21,5571,3.53,2500
561,2022-04-29,6950,6960,6880,6890,128172,200880,119042951720,2.0086514274849137,0.988609950947522,200880,24588,7.16,0.28,973,2.15,150
562,2022-04-29,3475,3485,3440,3460,53157,000430,118857344740,0.8697946357107473,0.9949434278323737,000430,7461,0.0,0.46,0,2.93,100
563,2022-04-29,4350,4360,4295,4300,182412,011280,118800000000,0.7779570448757195,1.0056041468315555,011280,4700,17.41,0.91,247,1.16,50
564,2022-04-29,3890,3985,3890,3970,163903,001360,117344601400,1.2587685954853745,1.003004619137204,001360,1896,0.0,2.08,0,0.0,0
565,2022-04-29,1015,1065,1010,1040,1696455,012160,116871000000,1.1155446863897247,0.9923871312820783,012160,2387,13.01,0.45,83,0.0,0
566,2022-04-29,25900,26050,25500,25750,9023,000860,116774910120,1.0917977567891342,0.9935351289066272,000860,90881,3.72,0.28,6948,1.93,500
567,2022-04-29,9560,9720,9560,9620,24580,000390,116697733350,1.851136418204098,1.0016767581731651,000390,12494,0.0,0.77,0,1.04,100
568,2022-04-29,26500,26500,26000,26400,9049,002200,116690416500,0.9489809004932082,1.0069724250209622,002200,68809,6.36,0.38,4120,2.67,700
569,2022-04-29,7460,7460,7350,7370,67973,015890,116462475300,0.6397399283999088,1.0070850975663486,015890,9204,8.24,0.81,900,3.64,270
570,2022-04-29,4415,4455,4400,4435,221357,009190,115465835250,1.408806334315756,1.0017220352467409,009190,2217,9.26,2.01,481,0.0,0
571,2022-04-29,4720,4780,4590,4600,424037,006380,114987343100,1.5050906820110537,0.9915799604553991,006380,3150,96.73,1.5,49,0.0,0
572,2022-04-29,6210,6360,6160,6350,93875,006220,114709076600,1.1002719403195333,0.9975384209658711,006220,16059,12.22,0.39,514,1.59,100
573,2022-04-29,6100,6450,6060,6440,3532599,002410,114600000000,1.894185570749046,1.0170887074314887,002410,3456,34.9,1.96,194,0.0,0
574,2022-04-29,8090,8240,8090,8130,97771,007860,114596017060,1.5301935211382736,0.9963902890558538,007860,21587,7.51,0.38,1091,1.22,100
575,2022-04-29,11550,11550,11150,11300,42564,001560,113000000000,0.917906044158131,1.010163399181923,001560,12565,13.96,0.9,813,2.38,270
576,2022-04-29,5830,5890,5800,5850,8481,075180,112320000000,0.9479156557407513,0.99569144957706,075180,12416,8.01,0.47,730,2.39,140
577,2022-04-29,80700,85000,80400,81600,10266,003650,112030000000,0.6083723353660392,0.9989709072179344,003650,199594,3.73,0.41,21903,3.06,2500
578,2022-04-29,5410,5440,5390,5440,5860,004840,111616000000,1.4779180254799416,0.9893482872238146,004840,18916,0.0,0.29,0,0.56,30
579,2022-04-29,2560,2600,2490,2570,1836757,013700,111000669600,1.0344215929947183,1.0137890078117093,013700,2230,0.0,1.17,0,0.77,20
580,2022-04-29,22550,22800,22500,22700,1903,008500,110718927000,0.48877120889160114,0.9958405082772647,008500,15717,0.0,1.43,0,0.0,0
581,2022-04-29,9130,10350,8950,9260,6094049,023350,110500000000,1.6553911418168434,0.996983873348978,023350,13678,9.27,0.72,1061,1.02,100
582,2022-04-29,3555,3560,3520,3555,37981,004150,110084966400,1.010946222675057,0.9896190676326576,004150,12394,6.92,0.29,514,3.38,120
583,2022-04-29,13550,13700,13500,13600,22707,004380,109833377825,1.1211775210930792,0.9991057309393968,004380,9536,23.64,1.42,571,2.22,300
584,2022-04-29,22700,22750,22250,22350,190028,002460,109689279625,0.9605424915525214,1.0070074183125075,002460,34410,9.02,0.65,2467,4.49,1000
585,2022-04-29,6670,6670,6600,6600,28437,035000,109344899400,0.7781160929190499,0.9931318039256348,035000,9942,6.19,0.66,1067,5.3,350
586,2022-04-29,5090,5110,4980,5050,300021,014580,109165562620,1.263944814994996,1.010059273116139,014580,5502,15.21,0.93,338,2.14,110
587,2022-04-29,8670,8670,8580,8580,8514,214390,108299948400,1.6380457826046977,0.9928459973143181,214390,6095,0.0,1.4,0,0.59,50
588,2022-04-29,57400,57800,56900,57600,2250,002170,108124713000,0.5429983638641249,1.00080047386144,002170,142633,4.97,0.41,11630,2.16,1250
589,2022-04-29,1885,1930,1880,1925,1041577,009270,107919039375,1.5222010667343446,1.0008894950447054,009270,2665,11.67,0.72,165,2.6,50
590,2022-04-29,1285,1295,1245,1265,503844,118000,107151806025,1.3864302064153593,0.9760382823344161,118000,1468,10.72,0.86,118,0.0,0
591,2022-04-29,820,830,820,830,233848,002630,106789538600,1.2979208233663322,0.9771796021473985,002630,418,0.0,1.99,0,0.0,0
592,2022-04-29,8050,8350,8040,8330,296281,004830,106625500000,2.275910982527134,1.0071575658348153,004830,5252,22.58,1.6,372,0.54,45
593,2022-04-29,0,0,0,4100,0,109070,106274825600,1.2748317472395174,0.9708146610902805,109070,548,0.0,7.48,0,0.0,0
594,2022-04-29,2750,2760,2510,2530,3856134,001020,105617500000,1.7040218381349728,0.9766718225852619,001020,1111,11.33,2.45,240,0.0,0
595,2022-04-29,22500,22550,22250,22250,2268,005820,105063539850,0.5897246546749957,0.9989462287107138,005820,51925,32.77,0.43,685,1.11,250
596,2022-04-29,10700,10750,10600,10750,2486,078000,104304089500,0.543791897743759,0.9980991604653858,078000,19441,33.23,0.55,322,4.67,500
597,2022-04-29,23550,23900,23350,23400,63764,194370,104233723520,1.0283752618896997,1.0026619847900817,194370,16003,6.0,1.45,3876,2.58,600
598,2022-04-29,3475,3535,3405,3525,199956,133820,104163750000,1.2978537442171028,1.0058438050755814,133820,2690,43.56,1.3,80,0.0,0
599,2022-04-29,2450,2455,2430,2440,61009,058850,104151400000,1.0249073646087632,0.9992001663844629,058850,4374,5.4,0.56,454,4.08,100
600,2022-04-29,3560,3865,3560,3865,120124,088790,103216246920,0.9279586120598068,0.9926968355421469,088790,8077,13.8,0.49,287,1.01,40
601,2022-04-29,3835,4045,3835,4010,55382,025890,103000000000,1.0080215329045599,1.0049039494246963,025890,2518,0.0,1.65,0,0.0,0
602,2022-04-29,75100,80000,71000,71000,499457,007540,102948882120,0.8842954275779475,1.0108310880338207,007540,86076,14.84,0.92,5356,0.25,200
603,2022-04-29,0,0,0,6410,0,015540,102657967272,0.02300323821800987,0.9887992418164303,015540,60,0.0,106.83,0,0.0,0
604,2022-04-29,34150,34500,33100,33150,98391,006980,102433500000,1.039710914513533,0.9970412789740267,006980,67106,0.0,0.52,0,0.43,150
605,2022-04-29,989,992,976,990,486041,012030,102323475720,1.0578661310861963,1.0053916345362173,012030,2292,8.67,0.43,114,0.0,0
606,2022-04-29,25950,26700,25850,26350,17911,007700,101741372715,0.6618952535723173,1.0112399009454198,007700,49495,0.3,0.53,88031,0.65,170
607,2022-04-29,14300,14300,14050,14100,68417,002100,101400000000,1.2215185324999613,1.014770236548015,002100,11888,16.01,1.2,890,2.46,350
608,2022-04-29,0,0,0,2470,0,019490,101358249650,1.2076657696146749,0.9887830463362809,019490,2159,0.0,1.14,0,0.0,0
609,2022-04-29,48650,50200,48050,48300,177072,248170,101106212900,1.2264947421488743,1.0044517739682954,248170,47071,9.63,1.06,5188,0.4,200
610,2022-04-29,5200,5290,4920,4955,8132401,002690,100588283800,1.2382714067380671,1.0072355478243904,002690,7761,9.35,0.65,542,0.39,20
611,2022-04-29,10650,13000,10400,11400,6116506,123690,100547814120,1.367434855548864,0.9956592181234556,123690,1369,0.0,8.25,0,0.0,0
612,2022-04-29,3925,3980,3925,3940,56845,010040,100210979160,1.340493543264056,1.004749638792938,010040,7164,21.9,0.56,182,0.88,35
613,2022-04-29,4285,4455,4280,4430,190552,096760,99944938290,0.9232175926115552,0.9926130941724702,096760,1356,0.0,3.24,0,2.05,90
614,2022-04-29,1445,1455,1395,1415,2622249,008970,98590500000,1.52674988518932,1.0039491609834514,008970,708,0.0,2.0,0,0.0,0
615,2022-04-29,1730,1885,1715,1780,9106346,012280,97818673140,1.68144904256558,0.999721480777453,012280,1156,0.0,1.51,0,0.0,0
616,2022-04-29,3990,3995,3870,3935,87729,003610,97200000000,0.6218401676959782,1.0095478588375195,003610,5145,20.55,0.76,191,1.15,45
617,2022-04-29,1500,1500,1450,1480,332878,004100,96516179200,1.4057297440153755,0.9914000170515389,004100,2312,0.0,0.64,0,0.34,5
618,2022-04-29,68400,68400,67500,67500,258,000650,96472350000,0.5682419248941083,0.9949971014068854,000650,25177,0.0,2.68,0,3.7,2500
619,2022-04-29,2380,2405,2360,2395,260002,011420,96312212150,1.0178949838658702,0.99847287282753,011420,1200,17.65,1.97,134,0.0,0
620,2022-04-29,2325,2345,2290,2315,328347,009320,95573014800,1.124604341576444,1.0066542776758827,009320,734,0.0,3.2,0,0.0,0
621,2022-04-29,5420,5470,5410,5420,16513,119650,95392000000,1.5710829166012201,0.9989028731234981,119650,2787,7.19,1.96,761,0.0,0
622,2022-04-29,11050,11650,10800,11450,357070,020120,95300420850,1.4515114473685895,1.0248848418565437,020120,6419,98.68,1.75,114,0.0,0
623,2022-04-29,37650,38000,37450,37800,2116,012320,95042218900,0.8930888148654738,0.9884922423560851,012320,197979,5.66,0.19,6714,1.97,750
624,2022-04-29,737,737,719,730,206668,005110,94203075395,1.482958282901719,0.9898420994910921,005110,435,0.0,1.66,0,0.0,0
625,2022-04-29,5560,5580,5350,5400,761173,026940,92964240155,0.8430982789189769,1.0091846886121818,026940,6021,12.25,0.9,440,1.39,75
626,2022-04-29,1310,1345,1310,1325,490207,001140,92299592750,0.9957256311159717,1.0010518939381208,001140,477,0.0,2.69,0,0.0,0
627,2022-04-29,44950,45500,44500,44800,918,004450,91628203779,0.2805406868757558,0.9994512535885606,004450,78782,57.44,0.57,780,2.79,1250
628,2022-04-29,17900,18300,17850,18300,28626,001940,91028901250,0.9325404886647597,1.005913930961624,001940,68463,2.28,0.27,8106,2.16,400
629,2022-04-29,1075,1085,1070,1075,300206,044380,90200000000,0.47881090185512115,0.9885447009750641,044380,794,16.72,1.35,64,0.0,0
630,2022-04-29,0,0,0,2490,0,012600,89397869400,1.9605980707597939,0.9920484621971253,012600,1462,0.0,1.7,0,0.0,0
631,2022-04-29,52400,54100,51600,53100,4742,000950,89208000000,1.0173762485296085,1.012201055535543,000950,126397,390.71,0.43,140,0.0,0
632,2022-04-29,6430,6830,6120,6450,1592781,003010,88488400000,1.1767270045730096,1.0057960241129413,003010,10380,12.49,0.61,507,2.05,130
633,2022-04-29,68000,68700,67600,68700,1689,008870,88415391285,0.9077321073710491,0.9959009141903064,008870,129156,15.0,0.53,4566,2.34,1600
634,2022-04-29,5850,6000,5760,5870,19256,014130,87839947260,1.7811935358306197,0.999386963852127,014130,5978,24.46,0.98,240,0.0,0
635,2022-04-29,1930,1960,1910,1950,123660,001380,87680078850,1.4033879749844032,0.9866788115415436,001380,2735,0.0,0.7,0,0.0,0
636,2022-04-29,7540,7600,7420,7510,313225,000910,87294136000,1.2061696423453319,1.0103035950759238,000910,8391,13.24,0.89,564,1.67,125
637,2022-04-29,971,988,960,975,70573,014990,86131716000,1.0684177737561231,0.990631974460217,014990,537,0.0,1.83,0,0.0,0
638,2022-04-29,8000,8290,7890,8180,33220,008110,85811856460,0.7888791268254041,1.0095670989716663,008110,14879,20.33,0.54,398,0.0,0
639,2022-04-29,10050,10200,9940,9990,56615,023810,85583049750,1.324189642895081,1.008118318119269,023810,10103,32.84,0.99,306,1.79,180
640,2022-04-29,5180,5610,5160,5600,269564,051630,85090890000,0.259585378851846,1.0099048058432265,051630,2116,0.0,2.67,0,0.0,0
641,2022-04-29,1800,1810,1790,1795,227207,006200,84011629120,0.9584297790779549,1.013287997584034,006200,2900,3.4,0.62,531,0.0,0
642,2022-04-29,2095,2185,2040,2185,41246,084870,83982519600,1.4090416454458858,0.9785407852086052,084870,2622,0.0,0.85,0,0.0,0
643,2022-04-29,4800,4875,4800,4845,28871,058730,81766938045,1.037567884922271,0.9946366572103859,058730,7481,0.0,0.66,0,0.0,0
644,2022-04-29,2075,2085,2050,2070,154896,021050,80900000000,0.7037564745178134,1.0059507197852853,021050,2799,6.75,0.75,311,0.71,15
645,2022-04-29,4800,4825,4710,4770,22087,049800,80520000000,0.7207521973751309,0.9946025630536496,049800,4106,4.21,1.15,1126,1.06,50
646,2022-04-29,1305,1350,1255,1270,481204,033250,80303223000,1.3928106054064615,1.0018601208853313,033250,1040,0.0,1.27,0,0.0,0
647,2022-04-29,3040,3085,3035,3085,17643,002920,80048037500,0.6577486607882206,0.9936176164529529,002920,10639,10.05,0.29,311,3.84,120
648,2022-04-29,68000,69000,67800,68700,431,000590,79312913400,0.8746728387734535,0.9969135993773369,000590,226165,5.29,0.3,12789,0.74,500
649,2022-04-29,964,974,948,974,190954,018500,79290000000,1.2276926366869052,0.978735629038745,018500,684,0.0,1.43,0,0.0,0
650,2022-04-29,11650,11950,11300,11750,230078,023150,79278000000,0.34868646135195025,1.0067663625263135,023150,9654,12.94,1.22,908,2.98,350
651,2022-04-29,819,834,780,823,196081,000040,79121053864,1.1882414331691318,0.9726804197987019,000040,385,0.0,2.22,0,0.0,0
652,2022-04-29,4075,4170,4035,4035,26601,069640,78912000000,1.4604124270706846,0.9825539950647941,069640,4295,0.0,0.96,0,0.0,0
653,2022-04-29,35350,35650,35250,35450,3769,000850,77990000000,0.6976363204590039,0.9938594722561146,000850,140159,8.45,0.26,4233,2.8,1000
654,2022-04-29,2560,2620,2560,2600,308530,002070,77464374000,-0.15723737116067713,0.9947575885775486,002070,3466,0.0,0.76,0,0.0,0
655,2022-04-29,2160,2230,2140,2200,489015,002870,76909140000,1.299225074527916,1.006742545288961,002870,3226,0.0,0.71,0,2.62,60
656,2022-04-29,21150,21700,20950,21500,31615,006840,76532711260,1.5873103412958598,0.9818564085310848,006840,45961,0.0,0.46,0,0.94,200
657,2022-04-29,18150,18200,18050,18150,20446,016580,76212000000,0.5997712165407502,1.0008479996357786,016580,20760,10.45,0.88,1746,1.64,300
658,2022-04-29,30100,30100,29650,29850,1261,009770,75286510080,0.5531837429001754,0.9916390556773398,009770,86449,9.82,0.35,3046,3.34,1000
659,2022-04-29,3165,3180,3125,3175,162493,010100,74624134350,2.3123769547180073,1.0037259834704713,010100,8412,5.11,0.37,612,2.88,90
660,2022-04-29,0,0,0,8090,0,021820,73194977920,0.3600931884656554,0.9858705995196712,021820,44548,3.26,0.18,2478,0.31,25
661,2022-04-29,4880,4920,4875,4915,6030,143210,72891000000,0.8669707669180581,0.9899684414063176,143210,11413,0.0,0.43,0,0.0,0
662,2022-04-29,2155,2230,2150,2150,731536,002760,71954148020,1.0260499194815602,1.0081637448650753,002760,760,79.29,2.92,28,0.23,5
663,2022-04-29,7590,7780,7560,7690,26916,100220,71952027500,0.44074723583272557,0.989203335271879,100220,16316,15.49,0.47,494,2.88,220
664,2022-04-29,5800,5870,5650,5700,13386,002820,71865537300,1.416043284870776,0.9895586010753836,002820,14375,0.0,0.4,0,1.41,80
665,2022-04-29,1090,1130,1085,1125,575428,003560,70560000000,1.3169414996273288,0.9926159665703429,003560,800,0.0,1.4,0,0.0,0
666,2022-04-29,3955,4005,3945,3990,42135,041650,69559111700,1.176684501237582,0.9912268794618961,041650,9389,7.94,0.43,506,1.99,80
667,2022-04-29,3675,3810,3665,3710,15906,010770,69300000000,1.519507549676403,1.0004555054490234,010770,6351,0.0,0.59,0,3.98,150
668,2022-04-29,29850,29850,29200,29500,3949,009140,68700000000,0.5156234699214156,1.0056009138432653,009140,45795,10.32,0.64,2843,0.85,250
669,2022-04-29,4350,4430,4340,4370,30198,123700,68193404260,1.2000626186919434,0.9938695980817271,123700,11373,9.61,0.39,456,3.42,150
670,2022-04-29,13300,13600,13150,13400,62582,025560,67724569640,0.32734365899715284,0.9738261335772838,025560,19102,7.43,0.72,1843,0.0,0
671,2022-04-29,1915,2020,1900,1995,188006,093240,66982815700,2.473040943899209,0.9864359090628498,093240,1952,0.0,1.02,0,0.0,0
672,2022-04-29,2315,2350,2305,2335,68699,014910,66965206265,0.8014654046444536,0.9983384234857338,014910,1617,14.94,1.48,160,0.21,5
673,2022-04-29,1780,1805,1770,1775,172611,090080,66102298376,1.4593218427215164,1.0021221380792142,090080,473,446.25,3.77,4,0.0,0
674,2022-04-29,1250,1250,1200,1215,146307,012170,65981397380,0.9279566682029079,0.9532127684534357,012170,564,0.0,2.2,0,0.0,0
675,2022-04-29,4230,4335,4230,4330,16458,006570,65924250000,0.5300533005052495,0.9946058696819917,006570,5032,229.47,0.87,19,0.0,0
676,2022-04-29,3775,3835,3775,3805,25081,025530,64331501150,0.776540613121834,0.9943054758902836,025530,11249,12.17,0.34,314,4.58,175
677,2022-04-29,734,745,728,735,170641,001620,64155212940,1.3000525625585626,0.9809054415478057,001620,1921,0.0,0.38,0,0.0,0
678,2022-04-29,1120,1120,1080,1105,232802,071950,63272201930,1.0705440017915122,0.9931406618704386,071950,607,0.0,1.83,0,0.0,0
679,2022-04-29,3320,3355,3110,3150,358030,010660,63000000000,1.1029384908692625,1.0061919880602903,010660,6354,12.19,0.52,272,0.3,10
680,2022-04-29,56900,57400,56900,57300,423,134790,62960000000,1.0627049208930652,1.0135851537417566,134790,36600,7.33,1.54,7704,0.71,400
681,2022-04-29,1945,2000,1915,1975,803872,015020,62765309290,1.4130358667317302,1.00426407646191,015020,1294,53.55,1.57,38,0.0,0
682,2022-04-29,3540,3560,3470,3515,59841,024070,62498823480,1.112456115305029,0.9964578481344432,024070,7839,44.62,0.45,79,1.42,50
683,2022-04-29,1750,1755,1705,1720,327880,027970,61895606500,0.8903289745635291,0.9975143981764975,027970,1702,9.66,1.01,178,0.0,0
684,2022-04-29,2640,2640,2520,2595,104141,015260,61535221440,1.35960883545588,0.9771835204206204,015260,1342,0.0,1.92,0,0.0,0
685,2022-04-29,2140,2160,2075,2085,180106,010420,57850980000,1.4279455555491338,0.9998805323121891,010420,2273,12.99,0.97,169,1.14,25
686,2022-04-29,2600,2615,2565,2565,83920,058860,56930110020,1.1904775419364069,0.9945515292813072,058860,5909,3.46,0.45,767,3.77,100
687,2022-04-29,1765,1765,1730,1755,61660,013520,56118335605,1.1097827450032738,0.994027800684862,013520,3250,0.0,0.54,0,1.42,25
688,2022-04-29,4515,4520,4400,4420,139379,003080,55947730150,0.7501363407829164,0.9942161166142275,003080,6905,65.94,0.66,69,2.64,120
689,2022-04-29,4485,4650,4480,4550,106791,072130,55884481700,0.9574461075520331,0.9962805507650346,072130,4368,3.6,1.05,1271,0.0,0
690,2022-04-29,9150,9320,8900,9010,207298,003680,54316000000,1.4992460742388556,1.0030841842411822,003680,7888,0.0,1.17,0,0.0,0
691,2022-04-29,3815,3865,3770,3855,32137,011230,54260478860,1.715230261007807,0.9903563758030721,011230,1230,0.0,3.16,0,0.0,0
692,2022-04-29,0,0,0,3000,0,007610,54000000000,1.587277018871852,0.9953207741908733,007610,4420,0.0,0.68,0,0.0,0
693,2022-04-29,408,410,405,408,320563,007120,52829532384,1.0704486744301025,0.9894918703223331,007120,552,0.0,0.75,0,0.0,0
694,2022-04-29,4840,5060,4835,4985,428836,005360,51129832500,0.7408529234783195,1.0028997406293372,005360,5405,6.12,0.94,827,1.98,100
695,2022-04-29,17850,18200,17750,18150,1745,000760,50820000000,0.7467853743608945,0.9993253716415302,000760,52259,1.09,0.35,16817,0.0,0
696,2022-04-29,2420,2480,2365,2475,66060,023960,50653877590,2.9064914102995245,1.0083252554214557,023960,1001,0.0,2.47,0,0.0,0
697,2022-04-29,588,620,585,592,922218,005030,48756896370,0.9784396025713004,0.9841392517783112,005030,351,0.0,1.7,0,0.0,0
698,2022-04-29,4900,4960,4800,4930,339907,014440,48229971075,1.1715761338352788,0.9997317538670596,014440,7960,27.28,0.62,180,2.04,100
699,2022-04-29,1175,1390,1150,1390,66644103,025620,48177443340,1.4634455304886,0.9654361546043023,025620,803,0.0,1.67,0,0.0,0
700,2022-04-29,11100,11100,10750,10900,27106,002420,46612978000,0.49770864347030114,0.9962537599242532,002420,4561,0.0,2.38,0,0.0,0
701,2022-04-29,1275,1300,1265,1280,403162,009310,46338511500,0.9871841643183786,0.9868925229710059,009310,1387,0.0,0.92,0,0.0,0
702,2022-04-29,2120,2175,2090,2170,68563,001210,45268411230,1.1815323771424946,0.9735955345195817,001210,1541,0.0,1.43,0,0.0,0
703,2022-04-29,19000,19200,18750,19050,2835,084670,45259297230,0.38752798499338614,0.9932372462284502,084670,32252,0.0,0.6,0,0.0,0
704,2022-04-29,821,844,819,837,681812,004870,45145442470,2.058735771403076,0.9821856033898038,004870,491,0.0,1.68,0,0.0,0
705,2022-04-29,6120,6380,6050,6300,110094,010640,42727930020,0.6640299009792809,1.0161092156574574,010640,2947,16.58,2.14,380,2.78,175
706,2022-04-29,1175,1195,1170,1185,508373,085310,42073374720,1.0278914780873452,0.9939352209823625,085310,1302,8.38,0.91,142,0.0,0
707,2022-04-29,3160,3235,3125,3205,55066,017370,41939174901,0.9976589435276854,0.9900495250769655,017370,5363,0.0,0.61,0,0.0,0
708,2022-04-29,549,645,545,600,23048875,011300,40315358700,1.253029554166607,0.9948477737939186,011300,636,1.58,0.95,383,0.0,0
709,2022-04-29,5120,5190,5060,5160,13891,001420,39216000000,0.781714620437835,1.002358001273531,001420,4273,467.27,1.2,11,1.07,55
710,2022-04-29,1115,1135,1090,1130,128497,004920,39056373568,1.1383661054848153,0.9941170966716917,004920,1202,0.0,0.92,0,0.0,0
711,2022-04-29,32000,32500,31850,32000,6913,001770,38876096000,0.5743506788311467,1.0054182324340948,001770,33420,6.87,0.98,4768,0.31,100
712,2022-04-29,0,0,0,6990,0,145210,37672840548,0.5538751684989868,0.9699422147424948,145210,264,0.0,0.9,0,0.0,0
713,2022-04-29,1980,1980,1915,1955,347453,013000,37500376080,1.0878653117837827,0.9837962224599877,013000,1569,26.23,1.22,73,0.0,0
714,2022-04-29,1560,1585,1495,1555,426444,030790,35840000000,3.5037996560833085,0.9578815053748891,030790,1763,0.0,0.83,0,0.0,0
715,2022-04-29,12800,12900,12400,12600,201349,030720,34670468790,0.9327832297849935,1.0068607341911942,030720,12199,8.17,1.07,1604,0.0,0
716,2022-04-29,6380,6390,6140,6380,1688906,069730,34307003100,1.1855533118499586,0.9939540324106619,069730,10683,12.29,0.61,529,0.62,40
717,2022-04-29,1325,1335,1310,1325,176038,011330,34114716000,0.9543324520248203,0.9952794876456174,011330,1521,25.67,0.88,52,2.25,30
718,2022-04-29,1295,1325,1290,1315,309651,008600,27240000000,1.7875882857918428,0.9896491081163885,008600,1711,0.0,0.78,0,0.0,0
719,2022-04-29,4600,4645,4565,4570,237869,019180,23739723280,1.039964249731351,1.0113995438172891,019180,4826,4.8,0.95,955,1.09,50
