,Unnamed: 0,Date,대형주CAPM,성장주CAPM,중소형주CAPM,가치주CAPM,대형주포트폴리오분산,성장주포트폴리오분산,중소형주포트폴리오분산,가치주포트폴리오분산,대형주샤프지수,성장주샤프지수,중소형주샤프지수,가치주샤프지수,코스피200수익률,최대수익률,최소분산,샤프모델최대,대형주안정,성장주안정,중소형주안정,가치주안정,대형주,성장주,중소형주,가치주,대형주최소분산,성장주최소분산,중소형주최소분산,가치주최소분산,월,년,동행지수증가,선행지수증가,동행지수,선행지수,샤프수익률 라벨링,코스피
0,0,2010-05-01,-5.466868406098797,-6.156702696452995,-6.075194453678846,-5.86574476492131,0.0006942188682956,0.0009430031740685,0.0009503579354135,0.0008958974986948,-2.085604485955124,-2.014107112192417,-1.9798586644010536,-1.969171210751285,-5.970607589383626,-5.466868406098797,-5.466868406098797,-5.86574476492131,0,0,0,1,1,0,0,0,1,0,0,0,5,2010,1.0039800995024877,1.0,0.9000000000000057,2.0999999999999943,3,-4.738336865327897
1,1,2010-06-01,2.783766549734922,3.076520762482857,2.9861117019048864,2.8376067166886503,0.0016985832155476,0.0022227747223424,0.0022047674855077,0.0020724068472008,0.6689832342122765,0.646899620902435,0.6302815702862326,0.6174760317069692,3.037230568256044,3.076520762482857,2.783766549734922,2.783766549734922,1,0,0,0,0,1,0,0,1,0,0,0,6,2010,1.0009910802775024,1.0,1.0,2.0999999999999943,0,2.6474029519591546
2,2,2010-07-01,3.459530921608752,3.82116930793914,3.727951444348416,3.5747737311873773,0.0014440783204773,0.0018775857052724,0.0018538876397972,0.0017370040201941,0.9040271461579856,0.8762835951248285,0.8602165571642982,0.8519343369870221,3.803486529318546,3.82116930793914,3.459530921608752,3.459530921608752,1,0,0,0,0,1,0,0,1,0,0,0,7,2010,1.001980198019802,0.9990205680705192,1.2000000000000028,2.0,0,2.316018924285368
3,3,2010-08-01,-0.9630765884678526,-1.078666036993532,-1.028772715779598,-0.9509895751297516,0.0012919111885521,0.0016689871714595,0.0016418879930046,0.0015355761626926,-0.2737338402178117,-0.2691281162403369,-0.2590267997127971,-0.2479937869364749,-1.0643402399127533,-0.9509895751297516,-0.9630765884678526,-0.9509895751297516,0,0,0,1,0,0,0,1,1,0,0,0,8,2010,0.9970355731225296,0.9980392156862744,0.9000000000000057,1.7999999999999972,3,1.794263838234289
4,4,2010-09-01,6.403763626052529,7.223469896287926,6.884765628728808,6.330656967389263,0.0011730076130408,0.0015141349219555,0.0014870384734234,0.0013881536200958,1.8631943695447049,1.850590735564528,1.7795417505562476,1.6931118139679746,7.116088355892591,7.223469896287926,6.403763626052529,6.403763626052529,1,0,0,0,0,1,0,0,1,0,0,0,9,2010,0.9950445986124876,0.9980353634577604,0.4000000000000057,1.5999999999999943,0,3.039742068602469
5,5,2010-10-01,0.0129263491596696,0.0122599212137933,0.012548033313895,0.0130339888074812,0.001343009056688,0.0017266878288566,0.0016596440837998,0.0015106472313058,-0.0014703825877209,-0.0014571484115648,-0.0014155669350408,-0.0013587048562589,0.0123482197983193,0.0130339888074812,0.0129263491596696,0.0130339888074812,0,0,0,1,0,0,0,1,1,0,0,0,10,2010,0.9950199203187252,0.9950787401574804,-0.09999999999999432,1.0999999999999943,3,4.0725700458494885
6,6,2010-11-01,2.548344257440717,2.8409726425873707,2.7176523271717707,2.5013295908250126,0.0012216223361645,0.001570620441591,0.0015093592687414,0.0013734413568065,0.7226747242767584,0.711184829453775,0.6937316074189185,0.6688773370084539,2.7409663346777524,2.8409726425873707,2.548344257440717,2.548344257440717,1,0,0,0,0,1,0,0,1,0,0,0,11,2010,0.9989989989989988,0.9980217606330368,-0.20000000000000284,0.9000000000000057,0,1.8526847014858294
7,7,2010-12-01,7.978800300962716,8.987607483360113,8.589704141812891,7.833717787408399,0.0011091752964599,0.0014251020432296,0.0013683230773331,0.0012436885113099,2.388481261622495,2.3743969590266523,2.3155913541561968,2.2144814355186986,8.632430700208316,8.987607483360113,7.978800300962716,7.978800300962716,1,0,0,0,0,1,0,0,1,0,0,0,12,2010,1.0020040080160322,0.998017839444995,0.0,0.7000000000000028,0,4.042007804728742
8,8,2011-01-01,0.6397974309264778,0.7182868266726128,0.6880404002073808,0.6288672023860092,0.0013430423278234,0.0017197331612052,0.0016276883302143,0.0014439505289074,0.1686761263458095,0.1679892826061908,0.1651767985117729,0.1597991353518174,0.7116781592241717,0.7182868266726128,0.6397974309264778,0.6397974309264778,1,0,0,0,0,1,0,0,1,0,0,0,1,2011,1.009,1.003972194637537,0.9000000000000057,1.0999999999999943,0,4.449724197589888
9,9,2011-02-01,-5.797746823073043,-6.272149861846292,-6.046473144976897,-5.618889973693924,0.0012495023511928,0.001599919792568,0.0015142370838534,0.0013432947815684,-1.6460639503893753,-1.5732792748875888,-1.559183707787153,-1.5387579093483552,-6.136496777973044,-5.618889973693924,-5.797746823073043,-5.618889973693924,0,0,0,1,0,0,0,1,1,0,0,0,2,2011,0.998017839444995,1.0009891196834817,0.7000000000000028,1.2000000000000028,3,-4.242692865079722
10,10,2011-03-01,8.121128271355987,8.741971169193697,8.459083788822863,7.870910143004157,0.0015919046349948,0.0020016816788583,0.0018864457892021,0.0016629298870358,2.0291805791076003,1.948362723022615,1.9418581994868536,1.924014141209897,8.780621001716327,8.741971169193697,8.121128271355987,8.121128271355987,1,0,0,0,0,1,0,0,1,0,0,0,3,2011,1.0009930486593843,1.0,0.7999999999999972,1.2000000000000028,0,-0.010001693292538416
11,11,2011-04-01,3.819494216544941,4.095895570439152,3.9553676881580193,3.652704688958969,0.0017724460815834,0.0021906099254896,0.0020623348635004,0.0018125495177203,0.902883765555578,0.8712043578689826,0.8669452053303234,0.8536632131615551,4.130957076774111,4.095895570439152,3.819494216544941,3.819494216544941,1,0,0,0,0,1,0,0,1,0,0,0,4,2011,0.9960317460317462,0.9970355731225296,0.4000000000000057,0.9000000000000057,0,7.513137878159837
12,12,2011-05-01,-2.4505718235398475,-2.682028864789496,-2.5819744134612184,-2.354195686915927,0.0016765062571108,0.0020677288258941,0.0019463182214105,0.0017095977978081,-0.6021613708168225,-0.5931121393907147,-0.5886520752300893,-0.5729961351035466,-2.627500947002304,-2.354195686915927,-2.4505718235398475,-2.354195686915927,0,0,0,1,0,0,0,1,1,0,0,0,5,2011,1.00398406374502,0.998017839444995,0.7999999999999972,0.7000000000000028,3,-1.4518559670982034
13,13,2011-06-01,-2.518199534426469,-2.7301888229836404,-2.623364053986938,-2.408265136221145,0.0016905280340635,0.0020834576231094,0.001959684342102,0.0017172814675442,-0.6163092625943736,-0.6016023489319049,-0.5961788227496144,-0.584961183692913,-2.6842551987551144,-2.408265136221145,-2.518199534426469,-2.408265136221145,0,0,0,1,0,0,0,1,1,0,0,0,6,2011,1.0029761904761905,0.9990069513406156,1.0999999999999943,0.5999999999999943,3,-2.225779428551322
14,14,2011-07-01,0.6924165254311838,0.7425364730707473,0.7059371823021405,0.6341023712844608,0.0016929714103219,0.0020838277048065,0.0019586423906436,0.0017139156409679,0.1642369826863969,0.1590145838078009,0.1557477353125154,0.1491446746830101,0.7050187157030097,0.7425364730707473,0.6924165254311838,0.6924165254311838,1,0,0,0,0,1,0,0,1,0,0,0,7,2011,1.0009891196834817,0.9990059642147118,1.2000000000000028,0.5,0,3.6349555815892165
15,15,2011-08-01,-12.369289434975691,-13.259174485477056,-12.505405633377086,-11.208322011840446,0.001602512589259,0.0019729252625589,0.0018545317743308,0.001623054538465,-3.0919779181688867,-2.9869909748018766,-2.9058274342560733,-2.7841759072519765,-12.612320017321643,-11.208322011840446,-12.369289434975691,-11.208322011840446,0,0,0,1,0,0,0,1,1,0,0,0,8,2011,1.00098814229249,0.9980099502487562,1.2999999999999972,0.29999999999999716,3,-13.053075749676369
16,16,2011-09-01,-4.969790898594496,-5.138853158412812,-4.643253120637495,-3.9649970672376753,0.0024725770612811,0.0029764906270263,0.0027478219302108,0.0023411730530402,-1.0016322445130847,-0.9439043484368096,-0.8878499037971667,-0.8216945137105419,-4.852163858605884,-3.9649970672376753,-3.9649970672376753,-3.9649970672376753,0,0,0,1,0,0,0,1,0,0,0,1,9,2011,0.9960513326752222,0.9980059820538384,0.9000000000000057,0.09999999999999432,3,-4.196956401115859
17,17,2011-10-01,8.703717496348249,8.999531776917056,8.248947265046887,7.083595428540982,0.0025038173180597,0.0029987058318822,0.0027538858604857,0.0023329038081358,1.7374186484744158,1.641611573686791,1.5699978029887312,1.4645093147956558,8.450154073173909,8.999531776917056,7.083595428540982,8.703717496348249,1,0,0,0,0,1,0,0,0,0,0,1,10,2011,1.0009910802775024,0.998001998001998,1.0,-0.09999999999999432,0,1.95027833001431
18,18,2011-11-01,-3.2410604925489586,-3.167383143997092,-2.820588049013518,-2.427064239890886,0.0026932499551677,0.0031788545877054,0.0028897035082767,0.0024135999854949,-0.6264493828058731,-0.563551363668037,-0.5265615979398501,-0.4960590194640279,-3.4776692812550025,-2.427064239890886,-2.427064239890886,-2.427064239890886,0,0,0,1,0,0,0,1,0,0,0,1,11,2011,0.996039603960396,0.997997997997998,0.5999999999999943,-0.29999999999999716,3,1.8028288059473097
19,19,2011-12-01,-1.1731773006985793,-1.1661920703248736,-1.056091925568959,-0.9213741830744988,0.0026433313558454,0.0031083754252946,0.0028197796849912,0.0023516383861054,-0.2301293485072075,-0.210964550443752,-0.2007635315491939,-0.1920597514545849,-1.2894398606907331,-0.9213741830744988,-0.9213741830744988,-0.9213741830744988,0,0,0,1,0,0,0,1,0,0,0,1,12,2011,0.9990059642147118,0.9989969909729188,0.5,-0.4000000000000057,3,0.23857092202916874
20,20,2012-01-01,7.287466607734421,7.014760101297458,6.270789506208994,5.541422012603147,0.0025423935911663,0.002988901166472,0.0027110637662842,0.0022608649339685,1.4431433763385269,1.2811094040585806,1.2022696218160651,1.163146873875259,7.904905913978477,7.287466607734421,5.541422012603147,7.287466607734421,1,0,0,0,1,0,0,0,0,0,0,1,1,2012,0.9970149253731344,1.0,0.20000000000000284,-0.4000000000000057,0,1.4910397535462305
21,21,2012-02-01,3.6811100522872,3.488040620919374,3.0705181585475283,2.6868706970642697,0.0026160013374559,0.00302402013032,0.0027223605253033,0.0022614944934606,0.7167834698595226,0.6315664765028206,0.5856171767196588,0.5618490861855697,3.982094200077869,3.6811100522872,2.6868706970642697,3.6811100522872,1,0,0,0,1,0,0,0,0,0,0,1,2,2012,1.0039920159680638,1.0040160642570282,0.5999999999999943,0.0,0,5.9343863626122095
22,22,2012-03-01,-0.1977300822034135,-0.186376113944639,-0.1620121711253581,-0.1367434505840924,0.0025418022767568,0.0029276175106416,0.002631076879338,0.0021836366021537,-0.0423572708190455,-0.0373692769953302,-0.0346690939304964,-0.0326481872653102,-0.2058922621944403,-0.1367434505840924,-0.1367434505840924,-0.1367434505840924,0,0,0,1,0,0,0,1,0,0,0,1,3,2012,0.9990059642147118,1.003,0.5,0.29999999999999716,3,1.007158434015909
23,23,2012-04-01,-0.7805392653312976,-0.7366429781357574,-0.6509454038592959,-0.5678183333984377,0.0024491616511806,0.002820772220825,0.0025350091918588,0.0021040070354273,-0.1610844000540932,-0.1418341211897728,-0.1325941870848074,-0.1274202458363151,-0.8365218696076093,-0.5678183333984377,-0.5678183333984377,-0.5678183333984377,0,0,0,1,0,0,0,1,0,0,0,1,4,2012,0.999004975124378,1.0019940179461615,0.4000000000000057,0.5,3,-1.3584830395690584
24,24,2012-05-01,-6.262039803493988,-6.090745496857701,-5.502809420750311,-4.661907991711186,0.0023689434236171,0.0027272293847808,0.0024505027729803,0.0020338456783066,-1.289664314656257,-1.1691681738315998,-1.114648983467786,-1.037047573991423,-7.679213164365429,-4.661907991711186,-4.661907991711186,-4.661907991711186,0,0,0,1,0,0,0,1,0,0,0,1,5,2012,1.000996015936255,0.9970149253731344,0.5,0.20000000000000284,3,-5.489627593650315
25,25,2012-06-01,0.2834587635314057,0.2654969199964573,0.2415615053512235,0.2178559324519762,0.00245948489485,0.0028004260579466,0.0025045799315793,0.0020658897082115,0.0536314689704485,0.046866625931994,0.0447746710878802,0.0440844168700269,0.3482892849825836,0.2834587635314057,0.2178559324519762,0.2834587635314057,1,0,0,0,1,0,0,0,0,0,0,1,6,2012,1.0,0.999001996007984,0.5,0.09999999999999432,0,-2.0012952697536446
26,26,2012-07-01,1.7053272158551678,1.5870774290170329,1.4339847793413871,1.2824084129864728,0.0023750459017172,0.0027044841708194,0.0024188632546655,0.0019952941185084,0.3471884683283986,0.3026178819947283,0.2888583094236997,0.2841104431775841,2.1151490404246687,1.7053272158551678,1.2824084129864728,1.7053272158551678,1,0,0,0,1,0,0,0,0,0,0,1,7,2012,1.0019900497512435,0.998001998001998,0.7000000000000028,-0.09999999999999432,0,-1.1819488212562956
27,27,2012-08-01,0.1644624583512113,0.1655894365038407,0.1484503170042802,0.1255702609663638,0.0022998035593646,0.0026169887766965,0.0023401477963582,0.0019301237400919,0.0315159835785934,0.0297647090004168,0.0279331357969797,0.0255494166028957,0.1919385796545158,0.1655894365038407,0.1255702609663638,0.1644624583512113,1,0,0,0,0,1,0,0,0,0,0,1,8,2012,0.994041708043694,0.9969969969969968,0.09999999999999432,-0.4000000000000057,0,5.045149731888476
28,28,2012-09-01,3.9865417185630014,4.037585866906184,3.589327086840048,2.974747110459872,0.0022263173173288,0.0025334942071342,0.0022655716318752,0.0018687505157311,0.841894978040604,0.7993491481429167,0.75111766174116,0.6848616073214892,4.761334610472545,4.037585866906184,2.974747110459872,3.9865417185630014,1,0,0,0,0,1,0,0,0,0,0,1,9,2012,1.0,0.996987951807229,0.09999999999999432,-0.7000000000000028,0,2.2083723094072916
29,29,2012-10-01,-4.096788932627521,-4.194238820979994,-3.779030464760164,-3.1969914523198537,0.0021909767886822,0.0024881863423587,0.0022205290400741,0.0018268149214151,-0.8784369985082547,-0.8438414237292914,-0.805139568015597,-0.751493856280646,-4.689702464855805,-3.1969914523198537,-3.1969914523198537,-3.1969914523198537,0,0,0,1,0,0,0,1,0,0,0,1,10,2012,0.996003996003996,1.0,-0.29999999999999716,-0.7000000000000028,3,-0.9736041183217026
30,30,2012-11-01,1.3810370613558045,1.458491021410809,1.3173599585805078,1.1025746894083104,0.0021930377370462,0.0024860321778833,0.0022139003856969,0.0018164606246586,0.291704654891427,0.2895105757216097,0.2767936478016595,0.2551825857387254,1.6268286833479806,1.458491021410809,1.1025746894083104,1.3810370613558045,1,0,0,0,0,1,0,0,0,0,0,1,11,2012,1.0030090270812435,1.0,0.0,-0.7000000000000028,0,-1.9303237154699615
31,31,2012-12-01,3.1799465557832582,3.367886642383579,3.0486106293612303,2.5482558350978466,0.0021303522705864,0.0024147929853891,0.0021501470329131,0.0017637623897917,0.6860735063674708,0.6826467228108859,0.6545844608384463,0.6035959557313518,3.8033431661750328,3.367886642383579,2.5482558350978466,3.1799465557832582,1,0,0,0,0,1,0,0,0,0,0,1,12,2012,1.001,1.001007049345418,0.09999999999999432,-0.5999999999999943,0,3.6298823621687237
32,32,2013-01-01,-1.7098703320568525,-1.8705575715277487,-1.7272262570836237,-1.4278979236162852,0.0020878831324295,0.0023660112264682,0.0021047435405623,0.0017237847150029,-0.3769391773756155,-0.3871267820065954,-0.3792094768256478,-0.3469272273938167,-2.216580782055177,-1.4278979236162852,-1.4278979236162852,-1.4278979236162852,0,0,0,1,0,0,0,1,0,0,0,1,1,2013,0.999000999000999,0.998993963782696,0.0,-0.7000000000000028,3,0.6212005430112022
33,33,2013-02-01,2.95511081525616,3.2402654030115694,2.9375201205947685,2.297075074761444,0.0020452856872334,0.0023187720235069,0.0020623633064907,0.0016877378262075,0.6502964984941341,0.6699619121921355,0.6437250049772975,0.5556970524579953,3.8516681520517566,3.2402654030115694,2.297075074761444,3.2402654030115694,0,1,0,0,0,1,0,0,0,0,0,1,2,2013,1.0,1.001007049345418,0.0,-0.5999999999999943,2,-0.31460827580751527
34,34,2013-03-01,-1.313541192999351,-1.4586773115294749,-1.3154543395146834,-1.0275570082752152,0.0020535243898193,0.0023280269040947,0.0020683229803171,0.0016880240965357,-0.2924365280756953,-0.3047352828128004,-0.2918091443620704,-0.2529394590261939,-1.7238162755121131,-1.0275570082752152,-1.0275570082752152,-1.0275570082752152,0,0,0,1,0,0,0,1,0,0,0,1,3,2013,0.997,1.0,-0.29999999999999716,-0.5999999999999943,3,0.5246982500576758
35,35,2013-04-01,-2.1408576831214225,-2.459875726771367,-2.218001808434932,-1.674688587725755,0.0019948577406293,0.002245516395262,0.0019817939139687,0.0016026675902657,-0.4813782685328706,-0.521038265366946,-0.500291270390719,-0.4206121735092008,-2.912031588139252,-1.674688587725755,-1.674688587725755,-1.674688587725755,0,0,0,1,0,0,0,1,0,0,0,1,4,2013,1.0010030090270812,1.0,-0.20000000000000284,-0.5999999999999943,3,-2.580534592555239
36,36,2013-05-01,1.6357498226056388,1.8703143728824028,1.6548775566115383,1.192559954376852,0.0020012637326435,0.0022535149893423,0.0019850244273835,0.0015983701088995,0.3630430270103628,0.3915332074385315,0.3688182080789207,0.2953756770505065,2.2485531049585505,1.8703143728824028,1.192559954376852,1.8703143728824028,0,1,0,0,0,1,0,0,0,0,0,1,5,2013,1.0,1.0,-0.20000000000000284,-0.5999999999999943,2,1.83454590098997
37,37,2013-06-01,-6.026606521672601,-6.199565233482479,-5.141698744692416,-3.58734264688638,0.0019056988994537,0.0021336783789006,0.0018680302758745,0.0014879808324042,-1.383390952548327,-1.3448409637549117,-1.1925277176801825,-0.9332195182987544,-7.343098634642608,-3.58734264688638,-3.58734264688638,-3.58734264688638,0,0,0,1,0,0,0,1,0,0,0,1,6,2013,1.003006012024048,1.0020120724346075,0.09999999999999432,-0.4000000000000057,3,-4.560308147526538
38,38,2013-07-01,1.948028202128107,2.0377737974505483,1.6769982652313444,1.1167601926598305,0.0020082422254813,0.0022408435217317,0.001939275720955,0.0015184536023351,0.4326530624918819,0.428541781862595,0.3787334117238222,0.2842375534394717,2.3610021876418807,2.0377737974505483,1.1167601926598305,1.948028202128107,1,0,0,0,0,1,0,0,0,0,0,1,7,2013,0.999000999000999,1.002008032128514,0.0,-0.20000000000000284,0,-0.6709979808821043
39,39,2013-08-01,1.2923292384558196,1.3255734480540855,1.08481192850816,0.7431170212175315,0.0019885155352853,0.0022156491986905,0.0019127674437193,0.0014914320048292,0.2873789239949465,0.2793132540793127,0.2455653848556092,0.1896188270625988,1.5121577482962945,1.3255734480540855,0.7431170212175315,1.2923292384558196,1,0,0,0,0,1,0,0,0,0,0,1,8,2013,1.001,1.001002004008016,0.09999999999999432,-0.09999999999999432,0,1.345980932523938
40,40,2013-09-01,3.104034980163864,3.1717123564010445,2.583073162969205,1.759687900907615,0.0019862965835519,0.0022122996300121,0.001908859390571,0.0014871936070716,0.6946044893203871,0.6725580590783412,0.5893143626630742,0.4541415845598249,3.642647175657432,3.1717123564010445,1.759687900907615,3.104034980163864,1,0,0,0,0,1,0,0,0,0,0,1,9,2013,0.998001998001998,0.9989989989989988,-0.09999999999999432,-0.20000000000000284,0,4.60908252627843
41,41,2013-10-01,1.9545137901606195,2.038002467624698,1.6321496976142778,1.0952644381296497,0.0019054793935107,0.0021035674664794,0.0018039308041909,0.001392476103612,0.4458428750624957,0.442535220812791,0.3823208625158615,0.29127932990306,2.2996435552489425,2.038002467624698,1.0952644381296497,1.9545137901606195,1,0,0,0,0,1,0,0,0,0,0,1,10,2013,1.002002002002002,1.001002004008016,0.09999999999999432,-0.09999999999999432,0,2.2818444073738897
42,42,2013-11-01,0.8421945953950731,0.8724952619342271,0.7017302352217016,0.4838287604843189,0.0019128300663318,0.0021115383235358,0.0018087520123867,0.0013943002726602,0.1900881126749763,0.1875170107702163,0.1624530186515456,0.126673190055101,0.9965906110673828,0.8724952619342271,0.4838287604843189,0.8421945953950731,1,0,0,0,0,1,0,0,0,0,0,1,11,2013,1.0,1.0,0.09999999999999432,-0.09999999999999432,0,-0.973108998437
43,43,2013-12-01,-1.668849837315295,-1.75375796880802,-1.4080887627752408,-0.9527652709019448,0.0018998141226024,0.0020948838727445,0.0017929209274959,0.0013803883291606,-0.3853631181847434,-0.3855338987544445,-0.3351012204363588,-0.2593538002898501,-1.9772229847534903,-0.9527652709019448,-0.9527652709019448,-0.9527652709019448,0,0,0,1,0,0,0,1,0,0,0,1,12,2013,1.000999000999001,1.0010010010010009,0.20000000000000284,0.0,3,-1.0196783058163184
44,44,2014-01-01,-3.862519293688856,-4.128187075503714,-3.3453974847130885,-2.3187712864162218,0.0017393034020554,0.0018882194554893,0.0016005224958953,0.00121734400797,-0.9281507832336418,-0.951937721645456,-0.8382948846715288,-0.666973432090925,-4.295337571904334,-2.3187712864162218,-2.3187712864162218,-2.3187712864162218,0,0,0,1,0,0,0,1,0,0,0,1,1,2014,1.001996007984032,0.999,0.4000000000000057,-0.09999999999999432,3,-2.0714492931929174
45,45,2014-02-01,1.939191181422808,2.0773931112141235,1.6976318028784718,1.210639250260018,0.0017784284476721,0.0019321407169144,0.0016285277922046,0.0012299801019149,0.4574654576455549,0.4703323412461225,0.4181975921178188,0.3423461765957977,2.1827672110403817,2.0773931112141235,1.210639250260018,2.0773931112141235,0,1,0,0,0,1,0,0,0,0,0,1,2,2014,1.0,1.0,0.4000000000000057,-0.09999999999999432,2,-0.5382607041968357
46,46,2014-03-01,-0.1103925381228061,-0.1140595599751547,-0.0883721875633003,-0.0591370654636964,0.0016952507683281,0.0018356445345752,0.0015358151354979,0.0011467948877993,-0.0294411814408234,-0.0291488218720044,-0.0253126803627557,-0.0206600535192287,-0.1160945783831968,-0.0591370654636964,-0.0591370654636964,-0.0591370654636964,0,0,0,1,0,0,0,1,0,0,0,1,3,2014,1.000996015936255,0.9989989989989988,0.5,-0.20000000000000284,3,0.7584390527241913
47,47,2014-04-01,-1.0213451302032,-1.0792987573581685,-0.8530555730595811,-0.6105189466723252,0.0015123571788657,0.0016225575019785,0.0013359395712004,0.0009738111104886,-0.2649865527332562,-0.2702170490107445,-0.2358975809722507,-0.1985778546253459,-1.0770601681453609,-0.6105189466723252,-0.6105189466723252,-0.6105189466723252,0,0,0,1,0,0,0,1,0,0,0,1,4,2014,0.9980099502487562,0.998997995991984,0.29999999999999716,-0.29999999999999716,3,1.9853131369991228
48,48,2014-05-01,1.704322103850637,1.7485783177586336,1.3809138147517634,1.0293591839395817,0.0014698021902322,0.0015728773199647,0.0012887129881896,0.000933116829073,0.4423790021765407,0.4387972713133838,0.3823498496356614,0.3342491798495248,1.805506599302853,1.7485783177586336,1.0293591839395817,1.704322103850637,1,0,0,0,0,1,0,0,0,0,0,1,5,2014,0.9980059820538384,0.9979939819458374,0.09999999999999432,-0.5,0,0.14781970530277633
49,49,2014-06-01,0.2225078867924333,0.2309232314868406,0.1839305880056048,0.1359873099492109,0.0014657454754258,0.0015671626395087,0.0012806235721551,0.0009246872531346,0.055725618146462,0.0560181155490606,0.048837397360138,0.0417069403848038,0.2385165807494038,0.2309232314868406,0.1359873099492109,0.2309232314868406,0,1,0,0,0,1,0,0,0,0,0,1,6,2014,1.0,0.998994974874372,0.09999999999999432,-0.5999999999999943,2,0.04758692333515224
50,50,2014-07-01,3.197100694235714,3.350872057874656,2.657889656748192,1.9496322359275544,0.001449765338199,0.0015487227911968,0.0012637234388049,0.0009104499377706,0.8370428243706998,0.8489335823423008,0.7448601913314835,0.6428247484738713,3.500153515505078,3.350872057874656,1.9496322359275544,3.350872057874656,0,1,0,0,0,1,0,0,0,0,0,1,7,2014,1.0,0.998993963782696,0.09999999999999432,-0.7000000000000028,2,1.3467349723302213
51,51,2014-08-01,-1.42070399651416,-1.4911902680240596,-1.190975398301167,-0.8773893859527967,0.0014772751105176,0.0015792246457843,0.0012828031456712,0.000920504085329,-0.3715853757458217,-0.3771282228810199,-0.3346169951343682,-0.2916584800677595,-1.5833580539899028,-0.8773893859527967,-0.8773893859527967,-0.8773893859527967,0,0,0,1,0,0,0,1,0,0,0,1,8,2014,1.000999000999001,1.001007049345418,0.20000000000000284,-0.5999999999999943,3,1.9279054465228374
52,52,2014-09-01,-2.5921936627557014,-2.794026617477764,-2.356534659389742,-1.8488231185730883,0.0010484507817102,0.0010877659195254,0.0008455567807448,0.0005690850984821,-0.803902857257414,-0.850437611025304,-0.8141289533658335,-0.7795475449405731,-3.2553407934893364,-1.8488231185730883,-1.8488231185730883,-1.8488231185730883,0,0,0,1,0,0,0,1,0,0,0,1,9,2014,0.997005988023952,1.0020120724346075,-0.09999999999999432,-0.4000000000000057,3,-0.8842096886779949
53,53,2014-10-01,-1.965770165261024,-1.94430966675122,-1.481824659638079,-1.1639764557260917,0.0009939833526828,0.0010316609167036,0.0007972927302332,0.0005319077169086,-0.6264157062388979,-0.6081891082012046,-0.5280376258089353,-0.5086641657634656,-2.4613467305370507,-1.1639764557260917,-1.1639764557260917,-1.1639764557260917,0,0,0,1,0,0,0,1,0,0,0,1,10,2014,0.995995995995996,1.0,-0.5,-0.4000000000000057,3,-4.890936228400644
54,54,2014-11-01,0.9824594399022286,0.9048760900750048,0.6969558667880704,0.5879446202124409,0.0008077074616768,0.0008305628946821,0.0006249129630869,0.000404044876174,0.3418810354409419,0.3102238329020972,0.2744707051156404,0.2871108597735152,1.2976642044320252,0.9824594399022286,0.5879446202124409,0.9824594399022286,1,0,0,0,1,0,0,0,0,0,0,1,11,2014,0.998994974874372,1.001004016064257,-0.5999999999999943,-0.29999999999999716,0,0.8670021662370075
55,55,2014-12-01,-2.864301736216068,-2.6774437221586025,-1.9942298160271723,-1.5475955850997016,0.0007779900746382,0.0008021437569174,0.0006020356208001,0.0003870199781026,-1.0343690896462332,-0.952700954783788,-0.8212444170243333,-0.7972445327178962,-3.803705163579019,-1.5475955850997016,-1.5475955850997016,-1.5475955850997016,0,0,0,1,0,0,0,1,0,0,0,1,12,2014,1.0030181086519114,1.0,-0.29999999999999716,-0.29999999999999716,3,-0.9043100984149621
56,56,2015-01-01,1.878138563709615,1.8346792818139992,1.399826235188606,1.0523196281733351,0.0007987556287559,0.0008197945636758,0.0006108659301848,0.0003918671942152,0.6592362352071259,0.6355435030877811,0.5603072049092004,0.5240205481474136,2.388854742880553,1.878138563709615,1.0523196281733351,1.878138563709615,1,0,0,0,1,0,0,0,0,0,0,1,1,2015,1.0,1.0020060180541626,-0.29999999999999716,-0.09999999999999432,0,-1.0779432492636243
57,57,2015-02-01,0.4628424402672099,0.5011079218774415,0.4097352458541944,0.3144559015802948,0.0006632180488185,0.0006943708687919,0.0005087890664226,0.0003111012170372,0.1726118194500002,0.1832167867610133,0.1735299897434331,0.1678988514255304,0.6323035056827297,0.5011079218774415,0.3144559015802948,0.5011079218774415,0,1,0,0,0,1,0,0,0,0,0,1,2,2015,1.004012036108325,1.002002002002002,0.09999999999999432,0.09999999999999432,2,2.082689645563618
58,58,2015-03-01,1.7468907413462536,1.82986920834987,1.4766198122517458,1.1143189449748336,0.0006254175836929,0.000660573758238,0.0004825226804896,0.0002908950797152,0.6898695164003719,0.7035461776077276,0.6623657018444004,0.6406547244316927,2.314483416845614,1.82986920834987,1.1143189449748336,1.82986920834987,0,1,0,0,0,1,0,0,0,0,0,1,3,2015,0.998001998001998,1.001998001998002,-0.09999999999999432,0.29999999999999716,2,2.63222251255375
59,59,2015-04-01,2.703502768258686,2.82940074473936,2.289414815569984,1.674075538617526,0.0006343615363638,0.0006703258105785,0.000488909729441,0.0002945801705726,1.0654600775766454,1.0851108796700686,1.0263695273019573,0.963738817584074,3.552549751243794,2.82940074473936,1.674075538617526,2.82940074473936,0,1,0,0,0,1,0,0,0,0,0,1,4,2015,1.0,1.0009970089730809,-0.09999999999999432,0.4000000000000057,2,4.702782127855998
60,60,2015-05-01,-1.816841838832205,-1.8399969101067453,-1.4188026792067632,-0.9811884952980492,0.0006525852281438,0.0006905299207065,0.0005020118446833,0.000301408437571,-0.7196824875912253,-0.7084414086976678,-0.642893843603526,-0.5776294781934606,-2.2633435928233747,-0.9811884952980492,-0.9811884952980492,-0.9811884952980492,0,0,0,1,0,0,0,1,0,0,0,1,5,2015,0.994994994994995,1.0019920318725095,-0.5999999999999943,0.5999999999999943,3,0.36211371369561096
61,61,2015-06-01,-2.4626662871838576,-2.835543733912332,-2.1913810609093405,-1.14598305987736,0.0005497959096541,0.0005938729945741,0.0004210428115608,0.000242057059368,-1.0602177818857514,-1.1731246265428008,-1.0793163058675967,-0.7515572348979441,-3.118399324090781,-1.14598305987736,-1.14598305987736,-1.14598305987736,0,0,0,1,0,0,0,1,0,0,0,1,6,2015,1.0,0.9980119284294235,-0.5999999999999943,0.4000000000000057,3,-2.421533249983676
62,62,2015-07-01,-2.5548126760095284,-2.9448557748578086,-2.2330753700950385,-1.0913417856931775,0.0005688174750593,0.0006186748358882,0.0004361282235246,0.0002465034687201,-1.0827180610587963,-1.1949878796935942,-1.0824402206286674,-0.7125921744621554,-3.1593134340191065,-1.0913417856931775,-1.0913417856931775,-1.0913417856931775,0,0,0,1,0,0,0,1,0,0,0,1,7,2015,1.0,1.0,-0.5999999999999943,0.4000000000000057,3,-0.2738576272641846
63,63,2015-08-01,-3.95978156716556,-4.665193311616265,-3.542996978366251,-1.7046151034504844,0.0005802563393382,0.0006369727478398,0.0004453937225621,0.0002461394201312,-1.6573144335867305,-1.8613107137689315,-1.694171340294241,-1.1071934849940004,-4.70732705689726,-1.7046151034504844,-1.7046151034504844,-1.7046151034504844,0,0,0,1,0,0,0,1,0,0,0,1,8,2015,1.0050301810865192,0.9990039840637448,-0.09999999999999432,0.29999999999999716,3,-5.125538742223201
64,64,2015-09-01,1.3463951196853747,1.7127981584641327,1.3813606612575993,0.7715395092647839,0.0006226156625036,0.0006953710682376,0.0004794198807308,0.0002543714472241,0.5285838717066231,0.6391151808140487,0.6183427367000816,0.4665369476793748,1.679553264604805,1.7127981584641327,0.7715395092647839,1.7127981584641327,0,1,0,0,0,1,0,0,0,0,0,1,9,2015,1.006006006006006,1.0019940179461615,0.5,0.5,2,-0.6640806453512949
65,65,2015-10-01,4.225178665251454,4.996430533538959,3.637082720542342,1.5970146253232838,0.0005810392229447,0.0006556300438001,0.0004471316777319,0.0002307292155696,1.74110434033067,1.9402804695096327,1.7066493730896368,1.0327509891395084,5.365214819821728,4.996430533538959,1.5970146253232838,4.996430533538959,0,1,0,0,0,1,0,0,0,0,0,1,10,2015,1.0039800995024877,1.0,0.9000000000000057,0.5,2,4.175364690965355
66,66,2015-11-01,-1.5633109783145946,-1.618118781246246,-1.035896421986091,-0.266138168684189,0.0005874433203858,0.000680591511228,0.0004466114840648,0.0002097572929845,-0.6624981294890636,-0.6365034823106193,-0.5102389582647154,-0.2130353825172869,-2.072892025179418,-0.266138168684189,-0.266138168684189,-0.266138168684189,0,0,0,1,0,0,0,1,0,0,0,1,11,2015,0.998017839444995,0.999004975124378,0.7000000000000028,0.4000000000000057,3,-0.6822931138381616
67,67,2015-12-01,-1.2143603033754564,-1.2945448865238416,-0.8552954756292576,-0.2848442333847434,0.0005890575178739,0.000682018269856,0.0004449946222607,0.0002068524081908,-0.5225956989926352,-0.5163798919738462,-0.4310528257941818,-0.2356011738178649,-1.5804127088110078,-0.2848442333847434,-0.2848442333847434,-0.2848442333847434,0,0,0,1,0,0,0,1,0,0,0,1,12,2015,0.9990069513406156,0.99601593625498,0.5999999999999943,0.0,3,-1.7566631231254015
68,68,2016-01-01,-2.748722266895089,-2.925830858297973,-1.9126290115064144,-0.7899331844475247,0.0005625939616213,0.0006523047776394,0.0004195508117582,0.0001886143810471,-1.175343555826076,-1.160878409429532,-0.9528473959236924,-0.6036363310452499,-3.4445461352857976,-0.7899331844475247,-0.7899331844475247,-0.7899331844475247,0,0,0,1,0,0,0,1,0,0,0,1,1,2016,0.996023856858847,0.997,0.20000000000000284,-0.29999999999999716,3,-3.8993891614193643
69,69,2016-02-01,0.8903672958358863,0.9631837383634532,0.6927613719195258,0.3995041864463394,0.0005747504169404,0.0006655842444782,0.000421541106584,0.0001850175398159,0.349899273465589,0.3533726729013973,0.3123210674671319,0.2558306214638653,1.0900473933649346,0.9631837383634532,0.3995041864463394,0.9631837383634532,0,1,0,0,0,1,0,0,0,0,0,1,2,2016,0.999001996007984,0.9969909729187564,0.09999999999999432,-0.5999999999999943,2,0.3145170271464437
70,70,2016-03-01,3.877399766760628,4.113926359876445,2.948128720794021,1.6064220346966405,0.0005498145037567,0.0006356171979391,0.0003965298420592,0.0001698652888742,1.6326959075363354,1.612319874954447,1.4558761616043232,1.1949354732152933,4.786259216638977,4.113926359876445,1.6064220346966405,3.877399766760628,1,0,0,0,0,1,0,0,0,0,0,1,3,2016,0.999000999000999,0.998993963782696,0.0,-0.7000000000000028,0,3.9930720806860442
71,71,2016-04-01,-0.203059465512928,-0.2498326929520144,-0.1821585487628294,-0.0910044703436569,0.0005914587674644,0.0006821828199725,0.0004188212760224,0.0001748277302621,-0.102634682440802,-0.1134745625952062,-0.111753963028048,-0.1040305930229486,-0.2684454567640215,-0.0910044703436569,-0.0910044703436569,-0.203059465512928,1,0,0,0,0,0,0,1,0,0,0,1,4,2016,1.0,1.0,0.0,-0.7000000000000028,0,0.9950794631288895
72,72,2016-05-01,-0.4994274794056976,-0.6046615234808699,-0.4827245175979059,-0.3248041936678124,0.0005798995348218,0.0006668200284013,0.0004060427327791,0.0001672394886584,-0.2308525037922572,-0.2560337535502267,-0.2675939961032887,-0.2948436027575558,-0.6402936378466562,-0.3248041936678124,-0.3248041936678124,-0.4994274794056976,1,0,0,0,0,0,0,1,0,0,0,1,5,2016,1.003,1.0,0.29999999999999716,-0.7000000000000028,0,-1.477579194763179
73,73,2016-06-01,0.1666866408813093,0.1993204862218409,0.1708916574541495,0.1292432011568403,0.0005721128401034,0.0006568316826898,0.0003983855997197,0.000163530137325,0.0540425641900173,0.0631703650423586,0.066869468828064,0.0718025580429741,0.2093338258835064,0.1993204862218409,0.1292432011568403,0.1292432011568403,0,0,0,1,0,1,0,0,0,0,0,1,6,2016,1.002991026919242,0.9989929506545822,0.5999999999999943,-0.7999999999999972,3,0.5264734222561795
74,74,2016-07-01,2.184846513471421,2.7281002961921472,2.3003519575008906,1.7458926924848972,0.0004726835929072,0.0005518791081462,0.0003257109864419,0.0001275163040584,0.9858086852619636,1.1435878317404264,1.2515777121672709,1.5092757353487545,3.006471696567536,2.7281002961921472,1.7458926924848972,1.7458926924848972,0,0,0,1,0,1,0,0,0,0,0,1,7,2016,1.002982107355865,1.002016129032258,0.9000000000000057,-0.5999999999999943,3,1.2874533752175399
75,75,2016-08-01,1.481598244408651,1.991649856447912,1.680773174716044,1.1759298928322284,0.0004749616337421,0.0005603630653578,0.0003320080449206,0.0001319732308622,0.6565714374820987,0.8199387425813217,0.8946125603510877,0.9794934039149964,2.143311595355501,1.991649856447912,1.1759298928322284,1.1759298928322284,0,0,0,1,0,1,0,0,0,0,0,1,8,2016,1.0009910802775024,1.0010060362173037,1.0,-0.5,3,1.7065567563592232
76,76,2016-09-01,0.1793469877441866,0.2211889660001299,0.192595425053993,0.1496756233534213,0.000476054139092,0.0005658374721362,0.0003359960606928,0.0001338364149471,0.0597253669594927,0.0723724326254505,0.0783195223371282,0.0869940552791904,0.2413672285591861,0.2211889660001299,0.1496756233534213,0.1496756233534213,0,0,0,1,0,1,0,0,0,0,0,1,9,2016,0.998019801980198,1.0020100502512563,0.7999999999999972,-0.29999999999999716,3,0.28963646626174455
77,77,2016-10-01,-0.4035078697818363,-0.5110071698573188,-0.4460247490806559,-0.3207093761624116,0.0004494949157166,0.0005384786568808,0.0003181130583595,0.0001258745990746,-0.2161859404775185,-0.2438431409590423,-0.2808179057740682,-0.3347275277575327,-0.6058487708260563,-0.3207093761624116,-0.3207093761624116,-0.4035078697818363,1,0,0,0,0,0,0,1,0,0,0,1,10,2016,0.998015873015873,1.0010030090270812,0.5999999999999943,-0.20000000000000284,0,-0.31934328904328346
78,78,2016-11-01,-0.4589029297078461,-0.5977581287750866,-0.5173810723652749,-0.3366058006260892,0.000438572421894,0.0005271148695175,0.0003111532399895,0.0001231030475443,-0.2508467982349148,-0.2892905197892267,-0.3309636532576891,-0.3632471204999573,-0.6525221740319664,-0.3366058006260892,-0.3366058006260892,-0.4589029297078461,1,0,0,0,0,0,0,1,0,0,0,1,11,2016,1.002982107355865,1.001002004008016,0.9000000000000057,-0.09999999999999432,0,-2.6662706201220354
79,79,2016-12-01,1.6697418387342544,2.1412343820044244,1.886161615652317,1.2943977819026593,0.0004364696686714,0.0005253164672353,0.0003102403429427,0.0001228456451738,0.7654575694126595,0.903444629321071,1.030793557307755,1.1041914385009552,2.261464642491928,2.1412343820044244,1.2943977819026593,1.2943977819026593,0,0,0,1,0,1,0,0,0,0,0,1,12,2016,1.0019821605550048,1.002002002002002,1.0999999999999943,0.09999999999999432,3,2.014400216032297
80,80,2017-01-01,2.3841038870593096,2.9652380272208774,2.543570199402468,1.7330876599569829,0.0004375447603212,0.0005303103806919,0.000314669542746,0.0001244231743278,1.1064248293636003,1.2573593581307394,1.3945816543199958,1.4911952036413485,3.1075727856620943,2.9652380272208774,1.7330876599569829,1.7330876599569829,0,0,0,1,0,1,0,0,0,0,0,1,1,2017,1.0049455984174085,1.001998001998002,1.5999999999999943,0.29999999999999716,3,1.9818713932398868
81,81,2017-02-01,0.5851840994939841,0.6999278310835854,0.5920565937515246,0.4017552348911239,0.0004096969149045,0.0005033501492996,0.0002979099013667,0.0001151567199596,0.2530238725608364,0.2794185839805996,0.3007041605709005,0.3063206226355464,0.7348278563169108,0.6999278310835854,0.4017552348911239,0.4017552348911239,0,0,0,1,0,1,0,0,0,0,0,1,2,2017,1.0,1.0019940179461615,1.5999999999999943,0.5,3,1.0215432789931533
82,82,2017-03-01,3.080805581015156,3.678713830506564,3.0343288525677306,1.875217854824501,0.0004008618569793,0.0004937476866881,0.0002916714342206,0.0001120795269015,1.4960765152400146,1.6171075043367649,1.7266837973211564,1.6905897210569425,3.917647930089596,3.678713830506564,1.875217854824501,3.0343288525677306,0,0,1,0,0,1,0,0,0,0,0,1,3,2017,1.002952755905512,1.000995024875622,1.9000000000000057,0.5999999999999943,1,2.562880430121317
83,83,2017-04-01,1.8052903797178323,2.098622363663804,1.7181709666035438,1.1417453998675775,0.0004236315062085,0.000525874807295,0.0003129457285982,0.0001194850942905,0.8339967632040273,0.8764580022171209,0.9210930213313836,0.963334003696208,2.341077537058145,2.098622363663804,1.1417453998675775,1.1417453998675775,0,0,0,1,0,1,0,0,0,0,0,1,4,2017,1.0,1.0009940357852884,1.9000000000000057,0.7000000000000028,3,1.1238760707330764
84,84,2017-05-01,4.634290375264264,5.451556665464341,4.532028500772247,3.100981253774408,0.0004257616592057,0.0005290961595423,0.0003148578796196,0.0001197123621358,2.1989487861072123,2.327864797161179,2.4994300638754363,2.7455569739798644,6.079175516172852,5.451556665464341,3.100981253774408,3.100981253774408,0,0,0,1,0,1,0,0,0,0,0,1,5,2017,1.001962708537782,1.0,2.0999999999999943,0.7000000000000028,3,6.559978149994294
85,85,2017-06-01,1.9139618868456303,2.032952995287807,1.6647480632838618,1.2467959620337816,0.0004705216524974,0.0005929615515442,0.0003587736140579,0.0001392064199241,0.8349861909422452,0.7926647916676954,0.8246507495355344,0.9696468419219813,2.3271080185118143,2.032952995287807,1.2467959620337816,1.2467959620337816,0,0,0,1,0,1,0,0,0,0,0,1,6,2017,1.0,1.0019860973187686,2.0999999999999943,0.9000000000000057,3,3.054632745886443
86,86,2017-07-01,0.7627144321207993,0.794609644968542,0.6690337746113201,0.5374881091935909,0.0004764653435852,0.0005989909630702,0.0003625034604858,0.0001411887743559,0.3027236431724915,0.2830247312318146,0.297857829059028,0.3665636136456523,0.9109571465229838,0.794609644968542,0.5374881091935909,0.5374881091935909,0,0,0,1,0,1,0,0,0,0,0,1,7,2017,1.0,1.0,2.0999999999999943,0.9000000000000057,3,1.7154830277405164
87,87,2017-08-01,-1.654573646380873,-1.6965074299605496,-1.3221553026268675,-0.9516540201771638,0.0004540916759291,0.0005756117503385,0.0003482533283813,0.0001335872605514,-0.8242832194659433,-0.749600210705133,-0.7631103551549171,-0.9115600319423228,-2.008900190718388,-0.9516540201771638,-0.9516540201771638,-1.6965074299605496,0,1,0,0,0,0,0,1,0,0,0,1,8,2017,1.0,1.0019821605550048,2.0999999999999943,1.0999999999999943,2,-1.6873686532669963
88,88,2017-09-01,2.230291202715488,2.2645775550142155,1.789248103912387,1.403732811682586,0.0004575251914562,0.0005790010429839,0.0003503264648698,0.0001347342798726,0.9919544535400522,0.8960275284510931,0.8979700574573961,1.115843283305841,2.591799662644356,2.2645775550142155,1.403732811682586,1.403732811682586,0,0,0,1,0,1,0,0,0,0,0,1,9,2017,1.0019588638589618,0.9990108803165184,2.299999999999997,1.0,3,-0.0143638036673166
89,89,2017-10-01,4.510042190233088,4.711745530970271,3.7085772296053854,2.874652861845133,0.0004419894670956,0.0005576176628844,0.0003337032982976,0.0001245975425748,2.088919536059364,1.945187841368737,1.9653347026366657,2.4692523231688703,5.470009801751675,4.711745530970271,2.874652861845133,2.874652861845133,0,0,0,1,0,1,0,0,0,0,0,1,10,2017,0.9980449657869012,1.0,2.0999999999999943,1.0,3,4.681060364530509
90,90,2017-11-01,-1.8139340884688144,-2.1600152099727,-1.6394859386855396,-1.193010820733493,0.0004668570506591,0.0005833917992127,0.0003485787990783,0.0001332648463428,-0.9015380335914108,-0.9497682003206654,-0.9499028574634386,-1.1495271715232989,-2.494229097340883,-1.193010820733493,-1.193010820733493,-1.8139340884688144,1,0,0,0,0,0,0,1,0,0,0,1,11,2017,1.0,0.9990099009900992,2.0999999999999943,0.9000000000000057,0,2.0395237972971936
91,91,2017-12-01,-0.0742848735775943,-0.111198330371806,-0.0498904008770256,0.001910636404811,0.0004837470568219,0.0006074429073424,0.000363647111785,0.0001417023230839,-0.0999268257639893,-0.1041513040736163,-0.1024603409470169,-0.1206212364331623,-0.1568024596464212,0.001910636404811,0.001910636404811,-0.0742848735775943,1,0,0,0,0,0,0,1,0,0,0,1,12,2017,0.9960822722820764,0.9990089197224974,1.7000000000000028,0.7999999999999972,0,-2.596564076175556
92,92,2018-01-01,1.8307547664111576,2.174107915425308,1.706095050974033,1.3516955824190733,0.0004526207888747,0.0005786182056566,0.0003469126714333,0.0001316336702924,0.786741567849202,0.8385700078648209,0.8317180154294757,1.0413202071807872,2.660590010469921,2.174107915425308,1.3516955824190733,1.3516955824190733,0,0,0,1,0,1,0,0,0,0,0,1,1,2018,1.0,1.0,1.7000000000000028,0.7999999999999972,3,2.15631485580865
93,93,2018-02-01,-3.939234939713134,-5.052315333530134,-3.960839112856781,-3.053970719311346,0.0004513747019533,0.0005799720002234,0.000347724304416,0.0001322265657618,-1.9345762840294929,-2.1688681299127626,-2.2157143106441324,-2.804470610932489,-6.155138280640704,-3.053970719311346,-3.053970719311346,-3.939234939713134,1,0,0,0,0,0,0,1,0,0,0,1,2,2018,1.0019665683382497,1.0,1.9000000000000057,0.7999999999999972,0,-3.246144557359376
94,94,2018-03-01,0.4296386136951808,0.4880220217975881,0.4310739450584784,0.3865855040491641,0.0005108615815975,0.0006743722655405,0.0004077143734392,0.0001685243510823,0.1137578808595552,0.121493199090683,0.1280479874491223,0.1648978040540554,0.5593556223230767,0.4880220217975881,0.3865855040491641,0.3865855040491641,0,0,0,1,0,1,0,0,0,0,0,1,3,2018,1.0,1.0,1.9000000000000057,0.7999999999999972,3,0.511071003291752
95,95,2018-04-01,1.9387388567814905,2.322556670112269,1.9236499909037856,1.6442798838628232,0.0005063209451576,0.0006697769829582,0.0004049291477784,0.0001669466402039,0.7794838944098605,0.8260337479013526,0.8641284226529387,1.1295775537783317,2.8447919646546587,2.322556670112269,1.6442798838628232,1.6442798838628232,0,0,0,1,0,1,0,0,0,0,0,1,4,2018,1.0,0.9960317460317462,1.9000000000000057,0.4000000000000057,3,0.271448985946221
96,96,2018-05-01,-2.3250130264954563,-2.87415029829137,-2.388907727329898,-2.1134030294454145,0.000496934607946,0.0006623295132209,0.0004002413007216,0.0001656044145824,-1.1255025228201927,-1.188272852602136,-1.2860463123207997,-1.7852283893419607,-3.90653974533316,-2.1134030294454145,-2.1134030294454145,-2.3250130264954563,1,0,0,0,0,0,0,1,0,0,0,1,5,2018,0.9990186457311088,1.0,1.7999999999999972,0.4000000000000057,0,0.1251202958697295
97,97,2018-06-01,-2.2062229507051,-2.454646138738001,-1.917121344368496,-1.713107992246924,0.0005064432268918,0.0006816832086628,0.0004153233555984,0.000179590109674,-1.0657283814778444,-1.0137359373949255,-1.0349844267389774,-1.4216953376924175,-3.6215103563617568,-1.713107992246924,-1.713107992246924,-2.454646138738001,0,1,0,0,0,0,0,1,0,0,0,1,6,2018,1.0,0.9990039840637448,1.7999999999999972,0.29999999999999716,2,-2.7137119284361355
98,98,2018-07-01,-0.3350331274756307,-0.4400775618198929,-0.3740870946223091,-0.3691484895513529,0.0005050738604022,0.0006779236936565,0.0004138364498624,0.0001869643536229,-0.2385560928517089,-0.2462543965777903,-0.2827420470130273,-0.4170425180086429,-0.7375025028365623,-0.3350331274756307,-0.3691484895513529,-0.3350331274756307,1,0,0,0,1,0,0,0,0,0,0,1,7,2018,0.9980353634577604,0.9990029910269193,1.5999999999999943,0.20000000000000284,0,-4.604464183039281
99,99,2018-08-01,0.5818413095625341,0.6543084649122,0.6139276626305294,0.6300052370120629,0.0004827970898487,0.0006483941943843,0.0003968039289774,0.0001835868287879,0.1725404528477814,0.1773450755277761,0.2064280271953198,0.3153499339120925,0.8808203059337716,0.6543084649122,0.6300052370120629,0.6300052370120629,0,0,0,1,0,1,0,0,0,0,0,1,8,2018,0.999015748031496,0.997005988023952,1.5,-0.09999999999999432,3,-0.01999857522587689
100,100,2018-09-01,0.17339480942988,0.1718451830925031,0.1778732915477726,0.1745155120391663,0.0004270338110524,0.0005711471098776,0.0003511312899849,0.0001720878922509,-0.0193169159766785,-0.0173514321868767,-0.0189126857267058,-0.0295751168035348,0.146632452427764,0.1778732915477726,0.1745155120391663,0.1718451830925031,0,1,0,0,0,0,1,0,0,0,0,1,9,2018,0.9960591133004926,0.997997997997998,1.0999999999999943,-0.29999999999999716,2,1.0302608351059561
101,101,2018-10-01,-7.13558996278648,-7.428938742661086,-6.352091260288224,-7.046352218266404,0.0004262181863113,0.0005692560565093,0.0003500266057936,0.0001719486313885,-3.563584777973845,-3.2064881803450938,-3.513571773618627,-5.54247453551731,-12.14601843532661,-6.352091260288224,-7.046352218266404,-7.428938742661086,0,1,0,0,0,0,1,0,0,0,0,1,10,2018,0.9980217606330368,0.9969909729187564,0.9000000000000057,-0.5999999999999943,2,-6.667858097677282
102,102,2018-11-01,2.3624304957228524,2.409265248512989,2.1038468269062367,2.168781551117989,0.0005502431154792,0.0006931067771796,0.0004539863611383,0.0003210187903898,0.91236897768264,0.8307095640653273,0.8830844368826805,1.0864090643785322,2.7801977197833505,2.409265248512989,2.168781551117989,2.168781551117989,0,0,0,1,0,1,0,0,0,0,0,1,11,2018,0.998017839444995,0.9979879275653925,0.7000000000000028,-0.7999999999999972,3,-3.257220564969443
103,103,2018-12-01,-2.896178754631167,-2.991971045371494,-2.4727091161988515,-2.487097823632609,0.0005507331860659,0.0006922407957153,0.0004563963953826,0.0003300813559246,-1.326396033845311,-1.219491510559923,-1.25882253908246,-1.4881358200077683,-3.453104846139676,-2.4727091161988515,-2.487097823632609,-2.991971045371494,0,1,0,0,0,0,1,0,0,0,0,1,12,2018,0.9980139026812314,0.9969758064516128,0.5,-1.0999999999999943,2,-0.633803299683322
104,104,2019-01-01,7.698543273618066,7.731808684196819,6.565467210456787,6.758828796443098,0.0005759463336112,0.0007192096444508,0.0004768736190977,0.000351303536528,3.120348342376759,2.804731492056481,2.910328404095903,3.493965832433745,9.12665088938085,7.731808684196819,6.758828796443098,6.758828796443098,0,0,0,1,0,1,0,0,0,0,0,1,1,2019,1.0019900497512435,0.998988877654196,0.7000000000000028,-1.2000000000000028,3,1.5387999661163443
105,105,2019-02-01,-0.6194364345094864,-0.546525973430226,-0.3926820999881066,-0.4131337359304867,0.0006880231669233,0.0008256635819461,0.0005617782286586,0.0004618132781609,-0.3159252867002463,-0.2630187991021671,-0.2539563741595997,-0.2896138241861549,-0.731050404001532,-0.3926820999881066,-0.4131337359304867,-0.3926820999881066,0,0,1,0,0,0,1,0,0,0,0,1,2,2019,0.994041708043694,0.9989878542510122,0.09999999999999432,-1.2999999999999972,1,5.148218442201369
106,106,2019-03-01,-2.246036464927772,-2.014249445906388,-1.5615967748675466,-1.6337024533189073,0.0006926707455459,0.0008302556508567,0.0005648210522233,0.0004639151781635,-0.9285699166340506,-0.7677068567895275,-0.7403149803923926,-0.8503467875719791,-2.579281183932347,-1.5615967748675466,-1.6337024533189073,-1.5615967748675466,0,0,1,0,0,0,1,0,0,0,0,1,3,2019,1.0,1.0010131712259371,0.09999999999999432,-1.2000000000000028,1,-2.1846144797194156
107,107,2019-04-01,2.74341348446244,2.335448786398417,1.819984217367983,1.9154865701381496,0.0006823648364651,0.0008141070915547,0.0005598631933283,0.0004701137320655,0.9748046369477044,0.7494704067063541,0.6859123149582591,0.7925746898582338,3.0526620370370465,2.74341348446244,1.9154865701381496,2.74341348446244,1,0,0,0,1,0,0,0,0,0,0,1,4,2019,0.998001998001998,1.0,-0.09999999999999432,-1.2000000000000028,0,2.322291401693022
108,108,2019-05-01,-6.8360839133744005,-5.591851853666115,-4.217360480127437,-4.562622949115393,0.0006947943963134,0.0008210201156783,0.0005635444005874,0.0004765024792992,-2.662628929989834,-2.0151776742598195,-1.8533514082834144,-2.173697298634294,-7.381019233469055,-4.217360480127437,-4.562622949115393,-4.217360480127437,0,0,1,0,0,0,1,0,0,0,0,1,5,2019,1.003003003003003,0.9979757085020242,0.20000000000000284,-1.4000000000000057,1,-5.6607387292158196
109,109,2019-06-01,4.862909639776612,4.059447732945662,2.933370809837303,3.0137787838208268,0.0008414373386886,0.0009230087987046,0.0006231851321979,0.000541936975432,1.6217510044666557,1.283970577933743,1.1115196929220414,1.226471729891052,5.157451968623295,4.862909639776612,3.0137787838208268,4.862909639776612,1,0,0,0,1,0,0,0,0,0,0,1,6,2019,1.0,0.9969574036511156,0.20000000000000284,-1.7000000000000028,0,0.8819339429480877
110,110,2019-07-01,-3.841026755614513,-3.14112501656064,-2.1955515572832325,-2.217972063378213,0.0008959746080213,0.000957857570007,0.0006402018974869,0.0005628107437271,-1.3383913995358203,-1.068291014331049,-0.9330052847866346,-1.0045384843790297,-4.021621621621629,-2.1955515572832325,-2.217972063378213,-2.1955515572832325,0,0,1,0,0,0,1,0,0,0,0,1,7,2019,1.0,0.9979654120040692,0.20000000000000284,-1.9000000000000057,1,-1.2265766950428025
111,111,2019-08-01,-2.6100799129646868,-2.1119900952168336,-1.5425597013215897,-1.6370436662825114,0.0009363102403496,0.0009789074206373,0.0006483614286898,0.0005726848129518,-0.9005391582701453,-0.721530022363281,-0.6629463219374127,-0.7448718091069151,-2.755875948036335,-1.5425597013215897,-1.6370436662825114,-1.5425597013215897,0,0,1,0,0,0,1,0,0,0,0,1,8,2019,1.001996007984032,0.998980632008155,0.4000000000000057,-2.0,1,-6.503663461652964
112,112,2019-09-01,5.28705742458205,4.409813710708154,3.43088583765447,3.5949804707956905,0.0009541721994274,0.0009868167055087,0.0006517849533031,0.0005779659399006,1.6647570437731047,1.3577341962521912,1.2871911781218133,1.435179524839785,5.617760617760626,5.28705742458205,3.5949804707956905,5.28705742458205,1,0,0,0,1,0,0,0,0,0,0,1,9,2019,1.0,1.0010204081632652,0.4000000000000057,-1.9000000000000057,0,5.193174081249108
113,113,2019-10-01,0.7548084308852162,0.6697309644875267,0.5612645146394979,0.5798260704541058,0.0010243197482328,0.0010331874711837,0.0006790315926304,0.0006109241866323,0.1962799456602028,0.1689675719268653,0.1667994670215021,0.1833611320566957,0.82983001279473,0.7548084308852162,0.5798260704541058,0.7548084308852162,1,0,0,0,1,0,0,0,0,0,0,1,10,2019,1.0,1.0030581039755353,0.4000000000000057,-1.5999999999999943,0,1.0044153640601294
114,114,2019-11-01,0.3233752537575005,0.2967892091306188,0.2637588063538986,0.270839694968605,0.0010236141484795,0.0010315672989916,0.000677763262082,0.0006108155135689,0.0597018173455629,0.0511936185622649,0.0504701322151006,0.0560291484635554,0.3480530780944013,0.3233752537575005,0.270839694968605,0.3233752537575005,1,0,0,0,1,0,0,0,0,0,0,1,11,2019,0.99800796812749,1.0030487804878048,0.20000000000000284,-1.2999999999999972,0,3.0520254398845426
115,115,2019-12-01,5.439250452099823,4.689939537652083,3.783535182339192,3.980264093161231,0.0010220461022029,0.0010291348612512,0.0006759352748713,0.0006101724906617,1.66024294802051,1.420940366569306,1.4046792023703192,1.5580808999350977,6.138449309921246,5.439250452099823,3.980264093161231,5.439250452099823,1,0,0,0,1,0,0,0,0,0,0,1,12,2019,1.002994011976048,1.0030395136778114,0.5,-1.0,0,0.8558240757289504
116,116,2020-01-01,-2.84878096017046,-2.3622823244552795,-1.829392385294597,-1.9327880351630269,0.0010872569834296,0.0010704579598079,0.0007010784770648,0.0006453288872068,-0.9003628387950705,-0.7587050157140411,-0.7362483546304694,-0.8080933285796764,-3.145317765598943,-1.829392385294597,-1.9327880351630269,-1.829392385294597,0,0,1,0,0,0,1,0,0,0,0,1,1,2020,1.0029850746268656,1.0,0.7999999999999972,-1.0,1,2.628255481393116
117,117,2020-02-01,-5.2519637042688565,-4.402037634742211,-3.462689548163893,-3.6273765842996495,0.0011046817563223,0.0010727839362865,0.0007003699028445,0.0006516262442507,-1.6043805067979462,-1.3685652397357655,-1.3388370688087483,-1.4525235953302629,-5.8025515762837,-3.462689548163893,-3.6273765842996495,-3.462689548163893,0,0,1,0,0,0,1,0,0,0,0,1,2,2020,0.9930555555555556,1.0,0.09999999999999432,-1.0,1,-1.6482844458160395
118,118,2020-03-01,-10.649263550332956,-9.035840094422122,-7.186892383436173,-7.4005735255439005,0.0011865721601216,0.0011314456080355,0.0007371008427716,0.0006895740324798,-3.095632552456454,-2.690490940697266,-2.652358678596577,-2.8236108563753715,-11.640922319229908,-7.186892383436173,-7.4005735255439005,-7.186892383436173,0,0,1,0,0,0,1,0,0,0,0,1,3,2020,0.989010989010989,0.9949494949494948,-1.0,-1.5,1,-17.552167025258893
119,119,2020-04-01,8.717458003124541,7.974425954870603,6.63421189836136,6.568320445310569,0.0014654417670436,0.0013155163405619,0.0008523704123027,0.0008241225288823,2.273742646477844,2.194952296308435,2.267786053857171,2.2833716048755024,9.006840638459579,8.717458003124541,6.568320445310569,6.568320445310569,0,0,0,1,1,0,0,0,0,0,0,1,4,2020,0.9878787878787878,0.9969543147208122,-2.200000000000003,-1.7999999999999972,3,3.5171548487576088
120,120,2020-05-01,3.9205512740921824,3.886590408929412,3.155096112590204,3.0957789033906127,0.0016774755204546,0.0014869845642776,0.0009710195003932,0.0009475112752185,0.95377982181155,1.0042246571832367,1.0079656443162248,1.001122796007444,3.9395700174317256,3.9205512740921824,3.0957789033906127,3.155096112590204,0,0,1,0,1,0,0,0,0,0,0,1,5,2020,0.9918200408997956,0.9969450101832994,-3.0,-2.0999999999999943,1,6.2492375617672735
121,121,2020-06-01,4.443373328110996,4.499905422115704,3.6770152396471216,3.5562215036199443,0.0016621050263562,0.0014478547624533,0.0009430512421446,0.000948890392294,1.086624200864771,1.1791066704207382,1.193029745133388,1.1501397594060738,4.386553369111512,4.499905422115704,3.6770152396471216,3.6770152396471216,0,0,1,0,0,1,0,0,0,0,1,0,6,2020,1.002061855670103,1.003064351378958,-2.799999999999997,-1.7999999999999972,1,8.626339931974837
122,122,2020-07-01,6.741006493335375,7.002122704601434,5.557262199209208,5.393158010272345,0.0017094824003947,0.0014951779308463,0.0009746209851716,0.0009817319875483,1.628177523119024,1.808483895573988,1.7771595225464287,1.7183366557590496,6.865650326680718,7.002122704601434,5.557262199209208,7.002122704601434,0,1,0,0,0,1,0,0,0,0,1,0,7,2020,1.0020576131687242,1.0030549898167005,-2.5999999999999943,-1.5,2,2.8693478600172018
123,123,2020-08-01,2.6728627303695816,2.720471399671176,2.1706871663795955,2.1516111159408093,0.0018346598412684,0.0016297078762337,0.0010590262641397,0.0010622418947002,0.62168716061507,0.6714146720437519,0.6639565071857004,0.6570978011039545,2.6125885340104293,2.720471399671176,2.1706871663795955,2.720471399671176,0,1,0,0,0,1,0,0,0,0,1,0,8,2020,1.0061601642710472,1.0040609137055838,-2.0,-1.0999999999999943,2,7.009467236305911
124,124,2020-09-01,0.7755932343791808,0.8021848172446187,0.6404491569630987,0.6258531375771734,0.0018425788044245,0.0016373884375113,0.0010638441557802,0.0010702244283697,0.178356182779287,0.1957733930511579,0.1932924309834826,0.1882537361251522,0.7488441752946606,0.8021848172446187,0.6404491569630987,0.8021848172446187,0,1,0,0,0,1,0,0,0,0,1,0,9,2020,1.0030612244897958,1.0030333670374114,-1.7000000000000028,-0.7999999999999972,2,0.9210366039437146
125,125,2020-10-01,-2.634691161045316,-2.7815627885334795,-2.2133818316985616,-2.1312196562849426,0.0018330064925294,0.0016276819343222,0.0010580442701567,0.0010671059144138,-0.6179149838170354,-0.6921357015401458,-0.6837913747857839,-0.6557301293514024,-2.53360910031023,-2.1312196562849426,-2.2133818316985616,-2.634691161045316,1,0,0,0,0,0,0,1,0,0,1,0,10,2020,1.0061037639877926,1.003024193548387,-1.0999999999999943,-0.5,0,-0.5774844759487641
126,126,2020-11-01,15.946682335679242,16.355583181619615,12.928762659954208,12.6884363051106,0.0018010870957531,0.0015936699026263,0.0010381221703644,0.0010601583023913,3.755375713263649,4.094713290031187,4.009819793894989,3.894117363906846,14.73806366047745,16.355583181619615,12.928762659954208,16.355583181619615,0,1,0,0,0,1,0,0,0,0,1,0,11,2020,1.0050556117290192,1.0050251256281406,-0.5999999999999943,0.0,2,6.207421873090002
127,127,2020-12-01,12.726013642291942,13.074991366838692,10.401347348458456,9.82872688137783,0.0024755182770554,0.0022976903697092,0.0014775674628611,0.001487959338633,2.556083079708776,2.725956368304756,2.703759216845813,2.5458542071361614,12.495304146799604,13.074991366838692,10.401347348458456,13.074991366838692,0,1,0,0,0,1,0,0,0,0,1,0,12,2020,1.0,1.002,-0.5999999999999943,0.20000000000000284,2,10.046797926515282
128,128,2021-01-01,4.045178519014117,3.967078822287013,3.150689114819856,2.991882071103673,0.0028789924070973,0.0027220512475381,0.0017456965694534,0.0017274926781457,0.7523540190351101,0.7587694758877802,0.7520929248406033,0.717836578310493,3.922525623571116,4.045178519014117,2.991882071103673,3.967078822287013,0,1,0,0,1,0,0,0,0,0,0,1,1,2021,0.9979879275653925,1.002994011976048,-0.7999999999999972,0.5,2,12.101733176732687
129,129,2021-02-01,1.387011147576713,1.339488220310087,1.0452765829255295,0.9945205069572786,0.0029053461736293,0.002744747702361,0.0017601760605446,0.0017415517189771,0.256088047362476,0.2544026250664659,0.2475571255623649,0.2367148907745226,1.3224243622701248,1.387011147576713,0.9945205069572786,1.387011147576713,1,0,0,0,1,0,0,0,0,0,0,1,2,2021,1.0,1.0019900497512435,-0.7999999999999972,0.7000000000000028,0,0.10179329487114419
130,130,2021-03-01,1.3175714187307246,1.2696395693823446,0.988046294500382,0.9362201410612976,0.0028345236122957,0.0026374093427676,0.0016926636122613,0.0016976386858213,0.2463812804630904,0.2460890936063569,0.2387377842445813,0.2258092796293255,1.2514942304408194,1.3175714187307246,0.988046294500382,1.3175714187307246,1,0,0,0,1,0,0,0,0,0,1,0,3,2021,1.0050403225806452,1.0019860973187686,-0.29999999999999716,0.9000000000000057,0,-1.9383763295068634
131,131,2021-04-01,1.855082303632596,1.7908335460893852,1.3947906114011202,1.3197161699878783,0.0028329801014139,0.0026357422736148,0.0016915970228639,0.0016966277124723,0.3477483567000887,0.3480105001627187,0.3381127477573492,0.3193847913970357,1.7636854279105665,1.855082303632596,1.3947906114011202,1.7908335460893852,0,1,0,0,1,0,0,0,0,0,1,0,4,2021,1.0070210631895686,1.0039643211100098,0.4000000000000057,1.2999999999999972,2,4.373139080185462
132,132,2021-05-01,1.383616580496465,1.343700770427227,1.0526260694718232,0.996696123098819,0.0028333779255973,0.0026340884511215,0.0016902933140322,0.001696185211807,0.2591516533284044,0.2609990384429656,0.2550180834122785,0.2409945304845169,1.3140448906146407,1.383616580496465,1.0526260694718232,1.343700770427227,0,1,0,0,1,0,0,0,0,0,1,0,5,2021,1.000996015936255,1.0029615004935837,0.5,1.5999999999999943,2,0.13008645463916668
133,133,2021-06-01,2.7365412798827107,2.6822621195209395,2.109140920617538,1.9835965123160284,0.0027969999977407,0.0025844959786977,0.0016561208449176,0.0016682151290509,0.5163323294514883,0.5264632560213673,0.5168412438333166,0.4842266304871791,2.554275431749664,2.7365412798827107,2.109140920617538,2.6822621195209395,0,1,0,0,1,0,0,0,0,0,1,0,6,2021,1.000995024875622,1.001968503937008,0.5999999999999943,1.7999999999999972,2,2.8379230956636636
134,134,2021-07-01,-3.705064614524343,-3.582750150510424,-2.7606450998632006,-2.5715330562098804,0.0027662746942121,0.0025463238333675,0.0016315914281193,0.0016479099163719,-0.7055554327680715,-0.7111578529514919,-0.68489072947307,-0.6349055331975589,-3.402151125695008,-2.5715330562098804,-2.7606450998632006,-2.5715330562098804,0,0,0,1,0,0,0,1,0,0,1,0,7,2021,1.0009940357852884,0.9980353634577604,0.7000000000000028,1.5999999999999943,3,-0.1401234123669992
135,135,2021-08-01,-1.0591711024764636,-0.9992166266270088,-0.7726802013966535,-0.7383971866351645,0.0028261563968027,0.0026028726188659,0.001664997262105,0.001676649577791,-0.2003330292111505,-0.1969973503411029,-0.1907912098241176,-0.181754525158021,-0.9719044136727196,-0.7383971866351645,-0.7726802013966535,-0.7383971866351645,0,0,0,1,0,0,0,1,0,0,1,0,8,2021,1.0019860973187686,0.9980314960629922,0.9000000000000057,1.4000000000000057,3,-2.2144909765699605
136,136,2021-09-01,-4.800708484617478,-4.529547800275465,-3.508372994938381,-3.343551161351499,0.002838595042469,0.0026154494617351,0.0016729943201158,0.0016839253959594,-0.9024669188634225,-0.8871557925620895,-0.8595785377224058,-0.816618537407956,-4.404583244002957,-3.343551161351499,-3.508372994938381,-3.343551161351499,0,0,0,1,0,0,0,1,0,0,1,0,9,2021,0.9990089197224974,0.9970414201183432,0.7999999999999972,1.0999999999999943,3,-1.2820570773503404
137,137,2021-10-01,-3.467676719857036,-3.157720452193902,-2.416700092017788,-2.398978161283298,0.0029325099277763,0.0027024640843128,0.0017259174778087,0.0017316234381483,-0.6426588323380589,-0.6098293492690084,-0.5847251050872286,-0.5795021602757002,-3.197109394467978,-2.398978161283298,-2.416700092017788,-2.398978161283298,0,0,0,1,0,0,0,1,0,0,1,0,10,2021,1.0009920634920637,0.9960435212660732,0.9000000000000057,0.7000000000000028,3,-4.832617411729401
138,138,2021-11-01,-4.0665896300894575,-3.589355242047564,-2.752570188478333,-2.839549449241756,0.0027919218216126,0.0025380705045643,0.0015999292912875,0.0015762681016048,-0.773405164163137,-0.7164322782577202,-0.6931523719298318,-0.7202433073524283,-3.92050866218756,-2.752570188478333,-2.839549449241756,-2.752570188478333,0,0,1,0,0,0,1,0,0,0,0,1,11,2021,1.0019821605550048,0.9970208540218471,1.0999999999999943,0.4000000000000057,1,-0.8552650350867608
139,139,2021-12-01,5.732205874433403,5.18920262865439,4.135069757658459,4.308620623864712,0.0028628149784343,0.0025988490963388,0.0016363616926028,0.0016130026967476,1.0652712841134435,1.0115478626724406,1.014197315501867,1.064727046598574,5.613010395456008,5.732205874433403,4.308620623864712,5.732205874433403,1,0,0,0,1,0,0,0,0,0,0,1,12,2021,1.006923837784372,0.99800796812749,1.7999999999999972,0.20000000000000284,0,0.8161204294004909
140,140,2022-01-01,-9.322524121981983,-8.517743920899434,-6.853591434858391,-7.051170670086214,0.0028716981597377,0.0025877962742915,0.0016255486610041,0.001606672543962,-1.7517453519548656,-1.6871333603363527,-1.7159442860490843,-1.7752869379806235,-9.1859255688881,-6.853591434858391,-7.051170670086214,-8.517743920899434,0,1,0,0,0,0,1,0,0,0,0,1,1,2022,1.0058939096267192,0.999001996007984,2.4000000000000057,0.09999999999999432,2,-4.113847548940342
141,141,2022-02-01,1.000902096064701,0.9574739908199466,0.7839480664911433,0.7957829853336224,0.0030544701619346,0.0027340618032864,0.0017129116245536,0.0016932339101149,0.1659431886136201,0.1670919060462068,0.1691745795661037,0.1730308797488742,0.994468964746642,1.000902096064701,0.7957829853336224,0.7957829853336224,0,0,0,1,1,0,0,0,0,0,0,1,2,2022,1.0019531249999998,0.997002997002997,2.5999999999999943,-0.20000000000000284,3,-4.939257776512163
