,Date,대형가치주CAPM,대형성장주CAPM,중소형가치주CAPM,중소형성장주CAPM,대형가치주포트폴리오분산,대형성장주포트폴리오분산,중소형가치주포트폴리오분산,중소형성장주포트폴리오분산,대형가치주샤프지수,대형성장주샤프지수,중소형가치주샤프지수,중소형성장주샤프지수,코스피200수익률
0,2010-05-01,-4.433981659513108,-6.359875940325231,-6.364890609031536,-6.294719299840083,0.0004537156822208,0.0009459967471574,0.0010745738228116,0.0009852733889342,-2.0949035879239197,-2.076975234908213,-1.9502882130143155,-2.014398522742498,-5.970607589383626
1,2010-06-01,2.174985684974048,3.2159069827014304,3.0803696995844287,3.1422079692110083,0.0011162978334933,0.0023045084841539,0.0024602006843698,0.0023222482581229,0.6430083646223184,0.6643598905460991,0.6156687125533233,0.6465239698004428,3.037230568256044
2,2010-07-01,2.70793766695083,4.020971062813415,3.8568408023333367,3.898303402442313,0.0009440555348014,0.0019568207654297,0.0020604895730864,0.0019615655764986,0.8734778023205105,0.903526415397481,0.8443457436000301,0.874736247559201,3.803486529318545
3,2010-08-01,-0.7690330890569341,-1.123757963686705,-1.0432819603730743,-1.0944077572234527,0.0008402849997823,0.0017503747647076,0.0018183789522865,0.0017432089859364,-0.2724753644142291,-0.2735746639383211,-0.249538040190224,-0.267106682381674,-1.0643402399127533
4,2010-09-01,5.209053784349523,7.46754672264189,6.942767496040758,7.31797505082674,0.0007615656249328,0.0015892609815996,0.0016443535226823,0.0015807840291511,1.879436023852973,1.8675465618201164,1.7065814860722182,1.8349277197418608,7.116088355892591
5,2010-10-01,0.0140409203220201,0.0120688908448218,0.0124856246095518,0.0121482872714705,0.0008782981272284,0.0018219031953882,0.0017961940405551,0.0017943418852759,-0.0014421443988883,-0.0014633159343199,-0.0013754219412693,-0.0014557680631679,0.0123482197983193
6,2010-11-01,1.9730171402168015,2.9101131389249417,2.720859771626654,2.9075015011383587,0.0007984235461157,0.0016572831083275,0.0016331940905696,0.0016320226551752,0.6903022545800123,0.7093242993289192,0.6677062282829891,0.7141462106310249,2.7409663346777524
7,2010-12-01,6.41010662802261,9.081050106699504,8.42963182909039,9.173129792288073,0.0007238397794933,0.0015035528923967,0.0014787600416964,0.0014811303866406,2.373590462761238,2.3357209748218843,2.1858208068693448,2.377260384503701,8.632430700208316
8,2011-01-01,0.53692836073747,0.7275310523374774,0.6826196415229382,0.7315834147160037,0.0008749698472632,0.0017962989578743,0.0017044756127336,0.0017888926696392,0.1742019608598768,0.1665512208100185,0.1601002840778145,0.1678537500847526,0.7116781592241717
9,2011-02-01,-4.55210501250553,-6.401021529473616,-5.875445802572095,-6.410985101488064,0.0008132966246795,0.0016713000442515,0.001585650827083,0.0016642300410822,-1.6034986463999326,-1.570838952060227,-1.480718493648663,-1.5766143975981026,-6.136496777973044
10,2011-03-01,6.552671622309672,8.809902022979953,8.315048182281991,9.049155644879564,0.0010236982307297,0.002089589315509,0.0019359237858457,0.0020836384300401,2.0402087470088364,1.9217998221808417,1.8841467439616049,1.97695620665784,8.780621001716327
11,2011-04-01,3.04306242115324,4.114919145273666,3.802204366337053,4.2315147689124375,0.0011423677497772,0.0022752522623165,0.0020916993343999,0.002293214981771,0.8949240231098279,0.8588340137154626,0.8273491316716339,0.8798115916410231,4.130957076774111
12,2011-05-01,-1.9777572824158092,-2.691176128633477,-2.432869721530951,-2.759113900734438,0.0010800297481668,0.0021462708164744,0.0019697438534635,0.0021655955528008,-0.6063646184277943,-0.5841330981080627,-0.5515453537708039,-0.5961199796807297,-2.627500947002304
13,2011-06-01,-2.039479551842759,-2.7791684123803977,-2.484679174401919,-2.8052885378964305,0.0010895887140372,0.0021597870968061,0.0019742515433922,0.0021830495352521,-0.6226496336029802,-0.6014153002053435,-0.5627628188030206,-0.603792803843271,-2.6842551987551144
14,2011-07-01,0.516400051077921,0.7629679408602542,0.6638788943358186,0.7465536872085944,0.0010918669650795,0.0021600358970064,0.0019666639182163,0.0021840347571854,0.151240031815649,0.16058041573534,0.1459458926903924,0.1561834265830442,0.7050187157030097
15,2011-08-01,-9.229170634945223,-13.738741276597851,-11.657088394030923,-13.264735284368989,0.0010338059683348,0.0020449880503453,0.00186286014282,0.0020679375188647,-2.872995468346397,-3.039938389546023,-2.7027767633685054,-2.9187877058427154,-12.612320017321643
16,2011-09-01,-3.713739946416145,-5.485897925719661,-4.227778932413555,-5.101766909603141,0.0015188899408062,0.0031215783301671,0.0026435902039508,0.0030730104495201,-0.955680266070712,-0.9838227844160732,-0.8243771827362986,-0.9222725228432406,-4.852163858605884
17,2011-10-01,6.588013001167242,9.684092322977309,7.513912153228639,9.028524360512035,0.0015324747467576,0.0031570100487667,0.002637399098862,0.0030903300911206,1.6803448800524023,1.7217595172243565,1.4611679329618923,1.622308008257331,8.450154073173909
18,2011-11-01,-2.9084156881238696,-3.566630673690931,-2.2267041414744275,-3.1534050159429663,0.0016326069488624,0.0033854293164282,0.0027246026990137,0.0032655852642061,-0.722279873093872,-0.6147047288677662,-0.4285049898284565,-0.5535712549148716,-3.4776692812550025
19,2011-12-01,-1.0482068950771766,-1.2821389284376887,-0.8745339788782661,-1.1652436735165217,0.0016150179333545,0.0033212621218899,0.0026456575469731,0.0031919406414369,-0.2633174598364483,-0.2242104174660877,-0.1719669576821633,-0.208016836742607,-1.2894398606907331
20,2012-01-01,6.49501838317128,8.011981105105153,5.194106801920992,6.928976008109491,0.001555287431346,0.0031944401425165,0.0025429110451438,0.0030693814107521,1.6441843167277643,1.4156479490786122,1.0278721025618938,1.2487183390607106,7.904905913978477
21,2012-02-01,3.320017006799492,4.084519926990573,2.579069385811362,3.4039076921118734,0.0016353580520585,0.003275683479931,0.0025151081109801,0.0030951975472273,0.8172762829546331,0.7110391820054106,0.5112738000474968,0.6091400257847144,3.982094200077868
22,2012-03-01,-0.179888663587566,-0.2242355523302865,-0.1396497747377724,-0.1796834615298214,0.0015957681054569,0.0031813143857647,0.0024245874822926,0.0029938146583371,-0.0489918894175496,-0.0425605927692724,-0.031573724564271,-0.0357306587167963,-0.2058922621944403
23,2012-04-01,-0.7465572671130074,-0.8608140956019498,-0.5384326284022137,-0.7298678848588099,0.0015381738589424,0.0030656308975764,0.0023363438652271,0.0028845813357932,-0.1945989915121494,-0.1584784152408696,-0.1148392523718652,-0.1389951484316817,-0.8365218696076093
24,2012-05-01,-6.977675882604528,-6.707646778272705,-4.356167411297785,-6.089107694480366,0.0014896606189396,0.0029653628016828,0.0022580390432148,0.0027888793386046,-1.8117528895384143,-1.2345269551325004,-0.9198785421876932,-1.1558632222541405,-7.679213164365429
25,2012-06-01,0.328700172556883,0.3005330084089356,0.2071284830848576,0.2588321949338491,0.0016412947378145,0.003063798611216,0.0022733522052596,0.0028608843811624,0.0768192414999475,0.0511367108288487,0.0397748665486929,0.0451227312519192,0.3482892849825836
26,2012-07-01,1.9770951244268,1.8077260475882544,1.210007711260149,1.544893526347165,0.0015847571777253,0.0029587436208881,0.0021958932864992,0.0027629422099241,0.4932982810946899,0.3298877539365377,0.2553723787261798,0.2913740960388949,2.1151490404246687
27,2012-08-01,0.1956890268477747,0.1812562142040322,0.1205769322484324,0.1575380883157586,0.0015394180666941,0.0028640446423509,0.002123489719635,0.0026731430357017,0.0464798052812286,0.0313794441465348,0.0232747943458932,0.0278931715764541,0.1919385796545158
28,2012-09-01,4.824469171454203,4.43404293944934,2.8492460384218616,3.813288115691666,0.0014900555271919,0.0027726332402235,0.0020561513353622,0.0025879298990458,1.2461552679711985,0.83939230353314,0.6252293733558971,0.7468066621007006,4.761334610472545
29,2012-10-01,-4.775886686738728,-4.597858695159361,-3.1259242844678035,-4.052903199181985,0.0015002480491288,0.0027276690246381,0.002005729490076,0.0025361964733134,-1.2368961657676898,-0.8832286566679622,-0.7013254164383677,-0.8077516298376866,-4.689702464855805
30,2012-11-01,1.5741541778199364,1.5707276198196891,1.089430623745679,1.417050227432599,0.0015406814160992,0.0027319135646419,0.0019897634439162,0.0025287903210096,0.3972245518516854,0.2976483883955468,0.2408699656413153,0.278811697608135,1.6268286833479806
31,2012-12-01,3.5897049621733803,3.621294196871619,2.523019213940299,3.2787854665646554,0.001498867283281,0.0026538509606193,0.0019317651121892,0.0024560447236743,0.9237665604038552,0.7003654749517126,0.57101024244721,0.6589105870910006,3.803343166175033
32,2013-01-01,-1.9753212580647663,-1.9298881858753312,-1.4406604183718743,-1.8622737405380525,0.0014825764365682,0.0026017099490553,0.0018860826948044,0.0024045904491011,-0.5162581351325802,-0.3808067776610639,-0.3346036151101024,-0.3823193807656039,-2.216580782055177
33,2013-02-01,3.3369765688864432,3.276509473433063,2.3459441341817184,3.2839997188137224,0.0014591009129757,0.0025493132076964,0.0018463452251138,0.0023562987037479,0.8698898682207263,0.6461293433798208,0.5426661109970429,0.6736151897568415,3.851668152051757
34,2013-03-01,-1.4818184343497256,-1.4638494532870951,-1.0383121698339683,-1.476576567184726,0.0014760281529996,0.0025582210083855,0.0018451055188202,0.0023657151532382,-0.3887329901354345,-0.291724380673462,-0.2444369453668518,-0.305978216086444,-1.7238162755121134
35,2013-04-01,-2.4654952335443574,-2.343539418118261,-1.7078397345006522,-2.495583527167517,0.0014430477089686,0.0024771260366717,0.0017417888066905,0.0022790310935531,-0.6514404423369848,-0.4727078028362494,-0.4114082519725497,-0.5246727308355312,-2.912031588139252
36,2013-05-01,1.8673491083336355,1.771207413428075,1.2357047729656594,1.878772008149553,0.0014577529566751,0.0024831617481116,0.0017354334184729,0.0022870037889426,0.4860304104236134,0.3531007742339923,0.2938282942489142,0.3904245505975597,2.2485531049585505
37,2013-06-01,-5.987633598184046,-6.56034850184682,-3.880283687921389,-6.044521542735351,0.0013977137677836,0.0023532302738512,0.0016051106744323,0.0021617511993988,-1.6049118269134697,-1.3549424258804357,-0.971643215258264,-1.3027337014776488,-7.343098634642608
38,2013-07-01,1.881701759087555,2.107082103591727,1.2574414413246542,2.004573207950565,0.0015021817504421,0.0024739284120183,0.0016407646810653,0.0022627458520262,0.4831364409340632,0.421789117589622,0.3081687889289324,0.4194831378744464,2.3610021876418807
39,2013-08-01,1.1795917398356277,1.4212084122403768,0.8254141011300474,1.289513448757278,0.001493073976515,0.0024457019653652,0.0016096294102718,0.0022358471474205,0.3024729076372281,0.2851903624560818,0.2030367445561233,0.2704226392987959,1.5121577482962945
40,2013-09-01,2.828617372546223,3.427653939700963,1.9633161075776584,3.066557185366637,0.0014921616174352,0.0024421822047568,0.0016045472147248,0.0022320820791774,0.7301053067807376,0.6919126602271913,0.4880536134352667,0.6473136019500053,3.642647175657432
41,2013-10-01,1.7966419626071612,2.219501839764915,1.229420587354706,1.9106322549006736,0.0014430506603656,0.0023287511536717,0.0014909429515593,0.0021182021597157,0.4707633126462893,0.4582062917133072,0.316240539663061,0.4133290500001886,2.2996435552489425
42,2013-11-01,0.7738981674276608,0.956165481109329,0.537379136172766,0.8163301906483521,0.001449348025632,0.0023382013866834,0.0014932621004151,0.0021250003513434,0.2004374036868529,0.19549985211871,0.1362615903709799,0.1747381866774837,0.9965906110673828
43,2013-12-01,-1.5265100043258657,-1.8995688242837647,-1.0841551177739828,-1.6494740332602238,0.0014421656212762,0.0023211810694124,0.0014768743680452,0.0021072001272539,-0.4048195510234172,-0.3965234021764391,-0.2849280488432513,-0.361687846586183,-1.9772229847534903
44,2014-01-01,-3.218318626936341,-4.311831275818659,-2.4823289938471174,-3.9329579200578415,0.0013416816211027,0.0021132041034831,0.0012888120898704,0.001889882388931,-0.8809005356730433,-0.939786470467774,-0.6937761812848692,-0.9066104485247756,-4.295337571904334
45,2014-02-01,1.6320487283363554,2.171986850420879,1.262523680105162,1.940886911159607,0.0013694386148469,0.002161925024768,0.0013033668431074,0.001929325921901,0.4383228218957516,0.4649795339307042,0.3469401138211629,0.4395975618533906,2.1827672110403817
46,2014-03-01,-0.0851129595296028,-0.1276440305788569,-0.0609554023067858,-0.1024999650006619,0.0013181915351676,0.0020609668804634,0.0012122672121158,0.0018265220475054,-0.0264246805515934,-0.0305016303635759,-0.0206166503803913,-0.0265167536265,-0.1160945783831968
47,2014-04-01,-0.8518191636204692,-1.1970132746097613,-0.6671351332493538,-0.9734973952079728,0.0012001346072529,0.0018457735180812,0.0010192914340719,0.001597887425261,-0.2485299285120343,-0.2807509494729702,-0.2118304507401038,-0.2458272046108087,-1.0770601681453609
48,2014-05-01,1.354146217121433,1.9625254572432755,1.1578878515926612,1.6054133394213923,0.0011737935991936,0.0017968590130507,0.0009752648232058,0.0015441163954899,0.3928167922581724,0.4610108064124564,0.3681033203048929,0.4064318120847994,1.8055065993028527
49,2014-06-01,0.1786346114625596,0.2527295132460968,0.1518900111012729,0.2114529589946076,0.0011705005937557,0.0017929262044505,0.0009669872022329,0.0015361137968907,0.0495351609614833,0.0575225418206824,0.0458985222895061,0.0516136621178474,0.2385165807494038
50,2014-07-01,2.618075823460013,3.635218247291669,2.2081574204075,3.123725828082262,0.0011596948591639,0.0017733687946535,0.0009518534101982,0.0015167449051619,0.7658597796691978,0.860865462862443,0.7124835501610804,0.7995117730761605,3.5001535155050782
51,2014-08-01,-1.258695011475711,-1.593604063970803,-1.0035413961585382,-1.4049748980128764,0.0011779950081727,0.0018088871261367,0.000964887630969,0.0015432714344539,-0.3689162730770409,-0.3764549284873409,-0.3254836967933399,-0.3595494501659198,-1.5833580539899028
52,2014-09-01,-2.401468657741264,-2.8528546859021,-1.9988043612547293,-2.6630831712399,0.0009395921648869,0.0012793365728588,0.0005850173825236,0.0010517527329316,-0.7869747909068171,-0.8006308433361433,-0.8308679163586676,-0.8244986896876698,-3.2553407934893364
53,2014-10-01,-1.641247106177676,-2.077547042447294,-1.2408988971375048,-1.695042387353351,0.000915323201686,0.0012126448366377,0.000543130876642,0.0009947346355884,-0.5455121003830338,-0.5992321376310034,-0.5363878609247185,-0.5403411856765702,-2.4613467305370507
54,2014-11-01,0.8816620257926562,1.0569730191090962,0.6934661143091191,0.8181002358789369,0.0008102096760558,0.0009812513422638,0.0003992182421475,0.0007888016929867,0.3059406842204077,0.3339659755036551,0.341653641546417,0.2874330476374683,1.2976642044320252
55,2014-12-01,-2.462748621518411,-3.1028555092668664,-1.839072758378692,-2.4097477978099664,0.0007864945086451,0.0009448264637393,0.0003852090141493,0.0007604665379457,-0.8855773100290492,-1.0162216152757122,-0.9476265738804088,-0.8813853123872394,-3.8037051635790182
56,2015-01-01,1.619658480391002,2.0357994915241155,1.2294640239997652,1.6933699466880494,0.000801591113849,0.000969244109583,0.0003932608513886,0.0007740452380286,0.5667734709548221,0.6490965416513738,0.6124190858858938,0.6032644331085573,2.388854742880553
57,2015-02-01,0.3843246145555671,0.4626059898149923,0.3586780480564323,0.4917262330302699,0.0006932544695985,0.000805527145742,0.0003237230363868,0.0006504937071465,0.139010083820744,0.1565407966432239,0.1891715243701636,0.1856167332911677,0.6323035056827297
58,2015-03-01,1.5306553782154555,1.7262150653221209,1.210896835971175,1.7738023760195978,0.0006622952363018,0.0007590637831814,0.0003052766721657,0.0006182531513282,0.5863643983463483,0.6186952320572362,0.680657324131327,0.7046784016259497,2.314483416845614
59,2015-04-01,2.3019741884324296,2.631284897319304,1.936220998930695,2.8146084663113053,0.0006692502409833,0.000767767970401,0.000309535186758,0.0006274623469157,0.8821057238581488,0.942416573498602,1.0891697249337904,1.1156566264853252,3.5525497512437942
60,2015-05-01,-1.4832148047888094,-1.8257911294180904,-1.2601085145914857,-1.780335165817427,0.000682296262512,0.0007845311280187,0.0003188811220997,0.0006475405035707,-0.5761139083660829,-0.6595737704671661,-0.717775647448722,-0.7081341625251253,-2.2633435928233747
61,2015-06-01,-1.6363816570958976,-2.368554460255213,-1.4772308523053257,-2.935149921285426,0.0005495057675356,0.0006652717460532,0.000269046443215,0.0005503739416385,-0.7080102863557652,-0.927333257556142,-0.9148129380343653,-1.261060132165648,-3.118399324090781
62,2015-07-01,-1.718833431862104,-2.406394978189286,-1.4338194652569591,-3.048975189547169,0.0005585921326219,0.0006831515870555,0.0002761074075233,0.0005767947141809,-0.7388723905988148,-0.931184819947746,-0.8794148695556674,-1.280963991857324,-3.1593134340191065
63,2015-08-01,-2.428577364478813,-4.043849301790611,-2.29642958501928,-4.601460819346092,0.0005579319491478,0.0006919044333117,0.0002785946252576,0.0005970622035818,-1.0418961283351844,-1.5496804739019974,-1.3952729819479792,-1.896431396388488,-4.70732705689726
64,2015-09-01,0.8291949452984093,1.4127948391507843,0.9722097907087892,1.744436517739141,0.0005744941437366,0.000736454536467,0.0002931599192899,0.0006537027424223,0.3344943809473304,0.5104841445198861,0.5517790410422471,0.6715441699435875,1.6795532646048048
65,2015-10-01,2.931090021397757,4.442012660262539,2.561484034187431,4.719358413763383,0.0005096900215254,0.0006847240478032,0.0002723176522842,0.0006194115871736,1.2857725811173366,1.686736804412896,1.5350788337700978,1.884873336853784,5.365214819821729
66,2015-11-01,-1.0974987991074707,-1.618418813195128,-0.5801407607436487,-1.4226325916759317,0.0004715935965585,0.0006838762419189,0.000264067815588,0.0006401038402374,-0.5249074288943677,-0.6350877757166783,-0.3830987530399995,-0.5790583920786518,-2.072892025179418
67,2015-12-01,-0.8439398605596826,-1.2492992927091946,-0.5495412856505762,-1.1445220430976164,0.0004686995572345,0.000684780081284,0.0002620610239143,0.0006400986207669,-0.4147657272790009,-0.4980472961559962,-0.3728293185462681,-0.4737232942204822,-1.5804127088110076
68,2016-01-01,-2.1796105069271845,-2.9871588624524006,-1.2780238581820085,-2.412137097129785,0.0004333469639999,0.0006502052452917,0.0002446477281396,0.0006111545872692,-1.0658089054730573,-1.186802179959683,-0.842074019725628,-0.9915318988629964,-3.444546135285798
69,2016-02-01,0.7232819138652206,0.9799032543288788,0.5343109926714946,0.8238897141744933,0.0004358544570322,0.0006639714789841,0.0002436726908018,0.0006174294622399,0.3217691151789151,0.3602901479797886,0.3092824991781573,0.3108360073612895,1.0900473933649346
70,2016-03-01,3.15139811792034,4.287493547790114,2.333419242058363,3.4301278126915866,0.0004036637021077,0.0006336175205769,0.0002279957567286,0.0005859690479497,1.5441265476793191,1.6838152251376417,1.512885023027159,1.396753781226287,4.786259216638977
71,2016-04-01,-0.11794015014509,-0.2374391508806012,-0.1159862244739522,-0.2112585210667789,0.0004283231777633,0.000683777078622,0.0002412486618939,0.0006173442997744,-0.0794780168089125,-0.1086026380948066,-0.1046430858696868,-0.1037597757289492,-0.2684454567640215
72,2016-05-01,-0.3212135238681993,-0.5875941732010306,-0.3690358313100214,-0.518974544321151,0.0004122274131363,0.0006696661644959,0.0002333948186902,0.000601531813994,-0.1860302389723606,-0.2488937560303202,-0.2785358877475096,-0.2346334294297491,-0.6402936378466562
73,2016-06-01,0.1255634587512794,0.1877399800779729,0.1367920945910115,0.1785333862799512,0.0004022593327544,0.0006609472650123,0.0002294458300311,0.0005911767088975,0.0439463534008766,0.0584689089660357,0.0656011997159066,0.0580364312062832,0.2093338258835064
74,2016-07-01,1.599685587282354,2.505898856449066,1.7060835506539571,2.313166099686858,0.0003026434937286,0.0005423187513288,0.0001873600312221,0.0004915645861845,0.8956402191846229,1.0582081217439483,1.2160417135808483,1.0245674083948717,3.0064716965675364
75,2016-08-01,1.0428990656680246,1.694600792321607,1.1387437162452447,1.7699703132289737,0.0002997682853164,0.0005468334219217,0.0001905841777342,0.0004948000642625,0.5730725114304497,0.7029917941372968,0.7881451573918962,0.7729143512029888,2.143311595355501
76,2016-09-01,0.1356940902769179,0.2030771259122512,0.146946706404292,0.2000710841614141,0.0002987697974176,0.0005487218170255,0.00019192055171,0.0004983840774331,0.0501360060691204,0.0657605769114878,0.0706768814180502,0.0676551571466656,0.2413672285591861
77,2016-10-01,-0.2790092488632412,-0.4481111375289354,-0.2884692552020281,-0.4563323418852174,0.0002770319416314,0.0005168454715203,0.0001818433164328,0.0004724757543326,-0.2005755979810405,-0.2212282251350806,-0.2545831516400681,-0.2351650407587759,-0.6058487708260563
78,2016-11-01,-0.3203788510098881,-0.5134944631800208,-0.322560935900354,-0.5394142041775289,0.0002679235884604,0.0005031591742336,0.0001780477698212,0.0004621654254755,-0.2363108103209278,-0.2585317207831379,-0.2915170199663745,-0.2818107437231317,-0.6525221740319664
79,2016-12-01,1.2882283871719844,1.8360466517974363,1.2778095168967936,1.9800899969248784,0.0002661418596193,0.0005006581698546,0.0001775337921893,0.0004603906938267,0.7464020806597588,0.7890309940498067,0.906059947181844,0.8899456291731939,2.261464642491928
80,2017-01-01,1.8702578894887087,2.708893371270416,1.7375787596867294,2.681732863376205,0.000264743667438,0.0005008647698785,0.0001784181285813,0.0004647766185438,1.1065896275425535,1.179249534973441,1.24863835700867,1.2115774750315562,3.107572785662094
81,2017-02-01,0.4121612715375266,0.6506133286138515,0.429339675952817,0.6484405974697344,0.0002437226792075,0.0004658500939957,0.0001671409362164,0.000438974582353,0.2172241340255524,0.2675990897990365,0.275597312135164,0.2746320503114898,0.7348278563169108
82,2017-03-01,2.020530516520868,3.4197114536820403,2.031751790424461,3.3177424915149007,0.0002373865559412,0.0004550233125849,0.0001637433309617,0.0004304132202591,1.2559585162406517,1.5630948489044612,1.521012073967152,1.5580106975373589,3.917647930089596
83,2017-04-01,1.3490547644471853,2.004803329730016,1.1709377730448731,1.8331071255764133,0.0002466117896435,0.0004826487835186,0.0001727087929711,0.0004567247221013,0.8025548886352464,0.8721596421050036,0.8234789148162097,0.8162299741224233,2.341077537058145
84,2017-05-01,3.038765646699853,5.131595821912475,3.151994119103509,4.790556203977731,0.0002470832086764,0.0004843370838381,0.0001728346753458,0.0004590369121231,1.8714975207205105,2.287664780154472,2.32379405333866,2.1906851948715373,6.079175516172852
85,2017-06-01,1.6732446391457612,2.122203945194375,1.3253415172607272,1.7477709033397295,0.0002642177226205,0.0005382553880891,0.0001925384386983,0.0005078274217541,0.9661739003419468,0.8704415567463196,0.8810943544917097,0.729983713583234,2.3271080185118143
86,2017-07-01,0.6555471858615914,0.8476079155898708,0.5599187265928889,0.6872199220249195,0.0002690205842533,0.000545361867507,0.0001949395710517,0.0005122476940314,0.3375354799008124,0.3193087679165876,0.3280257635951576,0.258602977439005,0.9109571465229837
87,2017-08-01,-1.1382392587394174,-1.9349984192478007,-0.9983354828195335,-1.3642549889471989,0.0002537604627865,0.0005167333233949,0.0001847418937049,0.0004912837851995,-0.7785164834659458,-0.8960697572819958,-0.8094937006066514,-0.6614873803698277,-2.008900190718388
88,2017-09-01,1.689318061687984,2.61603475439832,1.4951437063967885,1.8408337076888963,0.0002535480828809,0.0005219846417991,0.0001853880184627,0.0004918091125137,0.9927665841725613,1.0975270063525184,1.018401054102805,0.7811403953715834,2.591799662644356
89,2017-10-01,3.743263937090007,5.29592239932205,3.201032055981395,3.809919970766277,0.0002383023800588,0.0005041860956605,0.0001739676510037,0.0004709414048703,2.3481638366025086,2.3058293733866155,2.337160137224336,1.701071798750858,5.470009801751674
90,2017-11-01,-1.5488362673835765,-2.229292489620416,-1.3285080601461037,-1.6671581912833462,0.0002555058901104,0.00054258703232,0.0001863681007702,0.0004852055347838,-1.0527940897023462,-1.0145751422469689,-1.0713091594798725,-0.8176941374699611,-2.494229097340883
91,2017-12-01,-0.035280484467927,-0.1273772139382152,-0.015160760085537,-0.0531422836209955,0.0002674801995637,0.0005673243174159,0.0001961576268909,0.0005004717606199,-0.1105344809543878,-0.1145635085384637,-0.1147092055193468,-0.0887921710832993,-0.1568024596464212
92,2018-01-01,1.60691114319782,2.2063347623329945,1.4917305526671223,1.6976375311499696,0.0002448783277101,0.0005302968858002,0.0001826055793687,0.0004773355046501,0.9265628677479716,0.8899375041637118,0.987747658539402,0.7051747811385454,2.660590010469921
93,2018-02-01,-3.465481775455053,-5.029857051346502,-3.3200721932080124,-3.939812394422004,0.0002439646143597,0.0005305118879693,0.0001831562353214,0.0004765481214365,-2.328113928726172,-2.257967731823506,-2.5794887348850444,-1.8830510678342027,-6.1551382806407045
94,2018-03-01,0.4097818357394363,0.5077889136153804,0.4010649800584205,0.4249239457974504,0.000289365195204,0.0006239643329708,0.0002251801353324,0.0005359746032621,0.1394775477705571,0.1342187208760818,0.152302206551064,0.1090243795428981,0.5593556223230767
95,2018-04-01,1.8176400284532748,2.507020863958079,1.671103933520585,1.837913888855205,0.000285551667231,0.0006200412545405,0.0002231710740245,0.0005312088875592,0.9662896999434244,0.9326044682333156,0.9949364345280662,0.7172591480519497,2.8447919646546582
96,2018-05-01,-2.2949514463927723,-2.966562797827438,-1.971171699836832,-2.2510418819732747,0.0002795986620981,0.0006168525836428,0.0002198556581436,0.0005196020316005,-1.482496141679052,-1.2685045049505503,-1.4534667810048127,-1.0682280710311742,-3.906539745333159
97,2018-06-01,-2.137033615148515,-2.6950188825428114,-1.6211944836770331,-1.9363756047946967,0.0002919152992796,0.0006382670846577,0.000229625442417,0.0005283499764527,-1.3632338239085746,-1.142791430093458,-1.196641226404472,-0.9260034860748976,-3.6215103563617568
98,2018-07-01,-0.3190068116550079,-0.4315079220460894,-0.3573626085219044,-0.3707331607357756,0.0003003051001647,0.000646724329787,0.0002329887637908,0.000514908472593,-0.3001278933115135,-0.2487545637646289,-0.3658660534786096,-0.2519996435520579,-0.7375025028365623
99,2018-08-01,0.5709241988587171,0.6138673850321276,0.6281356631786605,0.6389647335445714,0.0002907526532774,0.000626855910446,0.0002264851794632,0.0004837100783721,0.2159343861772186,0.1642135970376105,0.2826761573489651,0.198350516369618,0.8808203059337716
100,2018-09-01,0.1730205400403051,0.1718499900392098,0.1734310999577733,0.1758350075791158,0.0002691908577639,0.0005677177357341,0.0002067567362189,0.0004098533371967,-0.0245579280409492,-0.0174017426427183,-0.0277360160325606,-0.0185122851239156,0.146632452427764
101,2018-10-01,-6.797978447892852,-7.494401481370946,-7.237078759546028,-6.625416307409289,0.0002690611295545,0.0005670055155587,0.0002062628978756,0.0004072170587389,-4.2793345271343135,-3.2403370581940423,-5.193290061622558,-3.3929607251824216,-12.14601843532661
102,2018-11-01,1.876510215960114,2.8882331406590183,2.347958233660329,2.243097408016843,0.0003937394542599,0.0007048019518946,0.0003546052310657,0.0005009666570184,0.8336735367719385,1.0042036045625184,1.128829849924745,0.9028723960072956,2.7801977197833505
103,2018-12-01,-2.2662889611555666,-3.772270361682629,-2.7882671066956184,-2.7201580711269435,0.0003961096424611,0.0007100216168382,0.0003644145090394,0.00050106489352,-1.2475100545479685,-1.4969617056305566,-1.5740657365869108,-1.3119476411378788,-3.453104846139676
104,2019-01-01,5.859487913310458,9.924244869691512,7.420768016030499,7.070516096188504,0.0004120616177945,0.0007540986478345,0.0003900030806378,0.0005239002658357,2.7830671634345188,3.5374674809838056,3.651271474781841,2.997291105625955,9.12665088938085
105,2019-02-01,-0.3926789840300248,-0.8390325743693489,-0.5152471052739911,-0.4651995912154258,0.0004779275318101,0.0009590848438459,0.0005201844947173,0.0006171376906089,-0.275333019191662,-0.3384904694525339,-0.3176530451043442,-0.2714895791236795,-0.731050404001532
106,2019-03-01,-1.5534411909723131,-2.894480686127029,-1.9339556301356031,-1.7721163946143892,0.0004798042061101,0.0009663031539992,0.0005230117819715,0.0006208556617946,-0.7995067968319023,-0.9947795886780296,-0.9321556509722086,-0.7906054081285154,-2.579281183932347
107,2019-04-01,2.2249577001256244,3.412293630334577,2.2670665915361905,2.0525513833686118,0.0004673867192971,0.0009620281479524,0.0005266007859667,0.000612280198023,0.9380304067422164,1.0366313985277222,0.9020691911410268,0.749883390337854,3.052662037037046
108,2019-05-01,-5.131460643955297,-8.62562729353955,-5.544367195992717,-4.819098583263559,0.0004765663213746,0.0009824552092086,0.0005360458752776,0.0006172902688969,-2.4341230651985337,-2.810079968082119,-2.473449360436112,-2.01302471753939,-7.381019233469054
109,2019-06-01,3.3266688732397918,6.132825355780391,3.650476843002914,3.3965767461428995,0.0005584426049829,0.0012126818700597,0.0006310471258966,0.0006942150752119,1.340615091598708,1.7155662808925298,1.3900387201527666,1.2289253242158034,5.157451968623295
110,2019-07-01,-2.342357017314201,-4.904757209977524,-2.8340114808329555,-2.5759855190018985,0.0005843466561763,0.0013014854553926,0.0006625689301759,0.0007177508238687,-1.0373093287095967,-1.4053388354232976,-1.165159803531118,-1.023163279873489,-4.021621621621629
111,2019-08-01,-1.6859088881706887,-3.2459638399641406,-2.0373487302922664,-1.7444615895190272,0.0005973385440269,0.0013683159515383,0.0006825916844431,0.0007325029073096,-0.7493319721244108,-0.9168400416299588,-0.8354923648010137,-0.698308841912957,-2.755875948036335
112,2019-09-01,3.554458260558588,6.372458162812981,4.398102993319112,3.8004440337055394,0.0006039961871923,0.0013960956922205,0.0006924528226492,0.0007377270999922,1.3874248839612182,1.6667704104245782,1.6163813565021223,1.345955489233531,5.617760617760625
113,2019-10-01,0.5501355526392325,0.882523057434877,0.6716092123863897,0.6043786231795506,0.0006360545301797,0.0014992554541517,0.0007425063077786,0.0007714046869983,0.1679298025602648,0.1952231943427245,0.2000056090590862,0.1720173893751786,0.82983001279473
114,2019-11-01,0.2614144203840757,0.3623877858000492,0.298585916062663,0.2769444049998845,0.0006359552927058,0.0014984927842631,0.0007426209819599,0.0007700154422604,0.0511730496915785,0.0594213765915779,0.0609959396290411,0.05210212154549,0.3480530780944013
115,2019-12-01,3.680612639481351,6.512371921158357,4.745102301030796,4.151053678058195,0.000635339181885,0.0014965164643127,0.0007419762065102,0.0007679686862317,1.408028892178805,1.649439064954842,1.693717653250668,1.4504451544714438,6.138449309921247
116,2020-01-01,-1.6747640700196404,-3.5131119846397385,-2.331862726903525,-2.016571052590583,0.0006645816117169,0.0015922473313997,0.0007941632260471,0.000799201915024,-0.6962133045597616,-0.91049595558494,-0.8700574599276145,-0.7557823341605351,-3.145317765598943
117,2020-02-01,-3.325200338104672,-6.469814966885343,-4.381749883051084,-3.8152373488115807,0.0006666836027404,0.0016205981265433,0.0008064033643303,0.0007998799983454,-1.3189960872603308,-1.6271325657078797,-1.5713589458975137,-1.377446038266328,-5.802551576283699
118,2020-03-01,-7.064376677273623,-12.86681159066902,-8.938220144486793,-7.854301842967506,0.0006987105613243,0.0017440230290538,0.0008618589685495,0.0008444794629203,-2.677901295085118,-3.0844118839085817,-3.049440761835033,-2.7076657801303456,-11.640922319229908
119,2020-04-01,6.024438794538421,10.188855472478934,7.469668785293425,7.246829414742001,0.0008189257682489,0.0021565771539539,0.0010618718087552,0.0009824462613755,2.100548844724317,2.1911626697949007,2.288178821408485,2.307780156943428,9.006840638459579
120,2020-05-01,2.882832599680739,4.680934564458808,3.568886238731192,3.492054486226372,0.0009209615358302,0.0024479533847389,0.0012223508525585,0.0011241819749792,0.9452809356324664,0.9432257666158564,1.0167372912584445,1.0372862897122317,3.939570017431726
121,2020-06-01,2.9318501962161925,5.3629853047298175,4.044529340707657,4.075318810493435,0.0009197144339915,0.0024376431353993,0.00123198960039,0.0010959158027132,0.962359104360252,1.0835307955747546,1.1485011823124494,1.2270176673301634,4.386553369111512
122,2020-07-01,4.631631465395658,8.24437809384475,6.145918160950738,6.263378448352514,0.0009376289615104,0.0025086510171141,0.0012748676038564,0.0011353438810345,1.5095883646525017,1.6442008639236698,1.7187247115933149,1.8561334279233352,6.865650326680718
123,2020-08-01,1.8596838876600623,3.219594970118528,2.351771598356914,2.44472503451286,0.0009977663184976,0.0026956247792189,0.0013789966928868,0.0012421174292733,0.5855775039855438,0.6181889735581597,0.6306144838815282,0.6908274305982985,2.6125885340104293
124,2020-09-01,0.5624172772416925,0.9301797321686784,0.6786520002286869,0.7245347335286146,0.0010025329379799,0.0027076521434926,0.001388506077036,0.0012490932479487,0.1744705975538208,0.1768393144325622,0.179444365109731,0.2021758392777945,0.7488441752946606
125,2020-10-01,-1.90683082476516,-3.181385674347521,-2.324487924122222,-2.5272827539636493,0.0009967574555525,0.0026945184479386,0.0013850504904742,0.0012433202128832,-0.6074021770340656,-0.6149661639469765,-0.6274984110522125,-0.719811666291451,-2.53360910031023
126,2020-11-01,11.520064861965167,19.158395569768405,13.90689930024313,14.652803312806428,0.0009693787118717,0.0026523706889093,0.0013760933804073,0.0012268831451648,3.6971123479487606,3.718213174670165,3.746451750979257,4.180685335122324,14.73806366047745
127,2020-12-01,9.190934814568234,14.968421459184968,10.836233571653754,11.95354468541636,0.0013243866600975,0.0036233270215369,0.0018883955265681,0.0017912676850545,2.523239753535719,2.48530959351663,2.491712422608729,2.8223685982618,12.495304146799604
128,2021-01-01,2.820998671296862,4.735069201153393,3.2918734283792643,3.501719903349508,0.001538542983617,0.0041788638787518,0.0021785850424388,0.002144287642643,0.7170737648648186,0.7311939220465888,0.703486179566489,0.7544068088490784,3.922525623571116
129,2021-02-01,0.9758686603181652,1.6283411763302909,1.099553293242034,1.1865625984563697,0.0015506434109896,0.0042139698818183,0.00219535911481,0.0021625187787845,0.2461270942837425,0.2498150685470943,0.2332508830379255,0.2537258167970873,1.3224243622701248
130,2021-03-01,0.9130958379586692,1.5317268026254478,1.0380712362897453,1.127314186253375,0.0015007635723979,0.0041021826962019,0.0021431650285782,0.0020919039416187,0.2341950537049113,0.2382414082463242,0.2229732592291583,0.2452007072795989,1.2514942304408194
131,2021-04-01,1.2846678159785314,2.157202935107457,1.465186106443202,1.5912157505895723,0.0015003284924368,0.0040999302500962,0.0021418479704945,0.0020902830547829,0.330588024963943,0.3362507827918216,0.3156908232853724,0.3471267402389847,1.7636854279105665
132,2021-05-01,0.9615253352841144,1.6166322585201272,1.1018156988851493,1.193251338997926,0.0014988346374296,0.0040990350115462,0.0021417724037228,0.0020900678009743,0.2472852694557812,0.2518546068491296,0.2371795371783643,0.2600955622057405,1.3140448906146407
133,2021-06-01,1.809225430144112,3.2292773737946874,2.18001928422016,2.380644826794377,0.0014702530727023,0.0040429871578445,0.0021144897636411,0.0020557158293626,0.4703212102585408,0.50695476131893,0.4728182870219553,0.5237788336280536,2.554275431749664
134,2021-07-01,-2.453541185959466,-4.429184648564139,-2.8300183489297366,-3.1082945824961827,0.0014448976323425,0.0039977698942411,0.0020945272123941,0.0020288724024652,-0.6470022621221936,-0.7014331795807837,-0.6196411096902247,-0.691367275798688,-3.402151125695007
135,2021-08-01,-0.7176854533575001,-1.25973249426254,-0.7948417072473862,-0.8553414523852471,0.0014703421153751,0.0040836619216551,0.0021299845681229,0.0020721807064737,-0.1886859188037042,-0.1980428681772009,-0.1734870440197016,-0.1891805785836483,-0.9719044136727194
136,2021-09-01,-3.263886146811168,-5.706613191908845,-3.611966995395517,-3.866019158244274,0.0014764529374191,0.0041012048340315,0.0021384601329937,0.0020821454004768,-0.8513763769526348,-0.8922629787093725,-0.7826970027087748,-0.8488869060080384,-4.404583244002957
137,2021-10-01,-2.37073702908176,-4.148938640286721,-2.566476405093917,-2.564915335312965,0.001519995113301,0.0042345684829767,0.0021945319822114,0.002147234666497,-0.6112861804141482,-0.6394962748557104,-0.5505223636089921,-0.5562156528391039,-3.1971093944679785
138,2021-11-01,-2.9492911322511435,-4.687427325117705,-2.950382078342188,-2.813703010400308,0.0013785733676174,0.0040911431555001,0.0020311557735769,0.0020092630791216,-0.7997138662576755,-0.7359685552155953,-0.6590790217836745,-0.6321680795537027,-3.9205086621875607
139,2021-12-01,4.351980408441243,6.564681094335925,4.460583882855452,4.24365607423999,0.0014157424481316,0.0041850414987121,0.0020715644348964,0.0020497991100727,1.1480087760748812,1.0097461006569024,0.9729091763100074,0.9301471585611588,5.613010395456008
140,2022-01-01,-7.274122227385975,-10.522244779571505,-7.35620946683794,-7.05692129965297,0.0014194665564877,0.0041824953129852,0.0020581122457646,0.0020302925110128,-1.94790537197438,-1.6370266052128744,-1.63578653878925,-1.5805337123319347,-9.1859255688881
141,2022-02-01,0.8249536608051893,1.1372343625933798,0.8342095312685358,0.8099601012010416,0.0015333748586149,0.004364736833366,0.0021428596391196,0.0021207225319864,0.1892762300529216,0.1594545379642492,0.1621113115706152,0.1576894699774807,0.994468964746642
142,2022-03-01,0.9449605029035602,1.2791295998362775,0.9500395187879462,0.925256112579082,0.0015296252787814,0.0043539471879671,0.0021367818978577,0.0021142413260191,0.2071395366019471,0.1734197482081548,0.1763557737701795,0.1719034354033069,1.1257398904685578
143,2022-04-01,-2.2998933256026524,-3.3206629504978094,-2.3747767740365697,-2.237390306014769,0.0015140157646381,0.0043071397708822,0.0021126425931294,0.0020911408017313,-0.635622876604426,-0.5323883232718216,-0.5543779527287048,-0.5271771868508045,-2.880118158693701
144,2022-05-01,-2.087799821361876,-2.99972720225821,-2.1232632373825933,-2.0198632794591798,0.0015345729778463,0.0043488755190353,0.0021391185147869,0.0021189490389844,-0.5765829661122462,-0.480789086700507,-0.4960254981018278,-0.4759180423762806,-2.6163118170553057
